modelYear,make,model
2021,RAM,5500
2022,KEYSTONE,COUGAR
2021,KEYSTONE,ARCADIA
2021,AUDI,SQ7
2021,MERCEDES-BENZ,GLB250
2022,HARLEY-DAVIDSON,FXLRST
2020,BMW,750I
2022,NISSAN,VERSA
2023,DUCATI,PANIGALE V4
2021,SUBARU,IMPREZA
2022,CHEVROLET,SUBURBAN
2022,STARCRAFT,AUTUMN RIDGE OUTFITTER
2022,NEW FLYER,XCELSIOR
2019,BMW,640XI
2019,CADILLAC,CTS
2021,KIA,NIRO
2021,VOLVO,XC90
2022,LEXUS,NX
2021,MASERATI,QUATTROPORTE
2019,INDIAN,SPRINGFIELD
2021,RAM,1500
2019,ENTEGRA,ANTHEM
2020,CHEVROLET,TAHOE
2024,TESLA,MODEL X
2020,MERCEDES-BENZ,CLA250
2021,HONDA,CRF450
2021,TESLA,MODEL S
2024,BMW,X3
2022,MIDWEST AUTOMOTIVE DESIGN,DAYCRUISER
2020,DUCATI,PANIGALE V2
2022,HYUNDAI,SANTA CRUZ
2023,HONDA,HR-V
2021,DODGE,CHARGER
2020,MINI,COOPER
2021,FOREST RIVER,COACHMEN
2019,FREIGHTLINER,CASCADIA
2022,AUDI,A3
2021,TOYOTA,C-HR
2020,YAMAHA,XV1900
2023,CHEVROLET,TAHOE
2020,HUSQVARNA,701 ENDURO LR
2021,ALFA ROMEO,GIULIA
2020,LEXUS,RC 350
2021,NORTHWOOD,ARCTIC FOX
2019,HONDA,ODYSSEY
2019,CHEVROLET,EXPRESS
2022,TRIUMPH,TIGER 900
2021,BMW,M5
2023,RENEGADE,VERONA
2019,BMW,X7
2021,MAZDA,CX-5
2019,INFINITI,Q70
2022,KEYSTONE,PASSPORT
2022,THOR MOTOR COACH,CHALLENGER
2022,JAYCO,NORTH POINT
2019,TOYOTA,CAMRY HYBRID
2021,KENDON,MOTORCYCLE TRAILER
2023,HYUNDAI,SANTA FE
2019,BMW,X6
2020,PETERBILT,365
2019,MCLAREN,720S
2019,FORD,F-350
2022,KIA,SPORTAGE
2022,CAN-AM,RYKER
2023,JEEP,COMPASS
2021,DUCATI,HYPERMOTARD
2022,HARLEY-DAVIDSON,FLTRKSE
2019,NISSAN,SENTRA
2023,TRIUMPH,TIGER 900
2022,FORD,BRONCO SPORT
2019,MERCEDES-BENZ,SPRINTER 3500
2024,GMC,CANYON
2019,CHEVROLET,CRUZE
2019,THOR,WINDSPORT
2019,LEXUS,IS 300
2021,ZERO,SR/S
2019,NEWMAR,MOUNTAIN AIRE
2020,JAYCO,TRAVEL TRAILERS
2020,LEXUS,IS 350
2019,AUDI,A4 ALLROAD
2019,THOR,ACE
2020,COACHMEN,APEX
2020,HUDSON TRAILER,HUDSON TRAILER
2020,THOR,PALAZZO
2019,CHEVROLET,MALIBU
2023,CFMOTO,450SS
2022,KEYSTONE,MONTANA
2019,MERCEDES-BENZ,SPRINTER (VS30)
2020,TOYOTA,TACOMA
2022,ICON EV,I40
2023,BMW,330I
2021,LANCE,TRAVEL TRAILER
2022,NISSAN,SENTRA
2019,FREIGHTLINER,SPRINTER 2500
2023,FORD,F-53
2022,GMC,ACADIA
2023,TOYOTA,4RUNNER
2022,JAYCO,PRECEPT
2020,PORSCHE,CAYENNE
2021,THOR MOTOR COACH,GEMINI
2019,PACE,JOURNEY
2022,PETERBILT,389
2021,FORD,RANGER
2020,POLARIS,SLINGSHOT R
2024,FORD,F-450 SD
2019,BMW,K 1600 B
2020,ENTEGRA,VISION
2020,COACHMEN,MIRADA
2023,NISSAN,FRONTIER
2023,RAM,PROMASTER 2500
2020,WINNEBAGO,MINNIE WINNIE
2019,JEEP,RENEGADE
2019,TOYOTA,PRIUS
2024,ALFA ROMEO,STELVIO
2020,FORD,F53
2019,CHEVROLET,TAHOE
2020,TESLA,MODEL S
2023,ACURA,TLX
2019,AUDI,Q5
2019,FOREST RIVER,IMPRESSION
2024,TESLA,MODEL 3
2019,SUBARU,OUTBACK
2022,FORD,RANGER
2023,KAUFMAN TRAILERS,KAUFMAN TRAILER
2024,KAWASAKI,ELIMINATOR EL450
2021,KIA,STINGER
2024,BINTELLI,BEYOND
2022,WINNEBAGO,VIEW
2022,BMW,330I
2024,SUBARU,IMPREZA
2024,MITSUBISHI,MIRAGE G4
2020,MERCEDES-BENZ,GLC300
2023,JEEP,WRANGLER
2021,WINNEBAGO,TRAVATO
2023,CHEVROLET,SUBURBAN
2024,DODGE,HORNET PHEV
2020,HARLEY-DAVIDSON,FLHXS
2019,HONDA,CLARITY ELECTRIC
2021,KEYSTONE,CROSSROADS REDWOOD
2021,PLEASURE WAY,PLATEAU
2021,THOR MOTOR COACH,WINDSPORT
2021,MAZDA,CX-30
2023,FOREST RIVER,CHEROKEE
2019,MERCEDES-BENZ,SPRINTER 1500
2019,DYNAMAX,ISATA
2021,PORSCHE,CAYENNE
2022,APRILIA,RS 660
2022,FOREST RIVER,FORESTER
2021,THOR MOTOR COACH,SCOPE
2023,PORSCHE,MACAN
2021,KTM,1290 SUPER ADVENTURE R
2019,MAZDA,MAZDA6
2023,AUDI,Q5 E
2021,HONDA,CR-V HYBRID
2019,TRIUMPH,SCRAMBLER
2019,THOR,FREEDOM TRAVELER
2019,HONDA,CIVIC TYPE-R
2021,SUBARU,CROSSTREK
2019,TOYOTA,AVALON
2020,PORSCHE,PANAMERA
2019,VOLKSWAGEN,E-GOLF
2021,INFINITI,QX50
2019,LINCOLN,NAVIGATOR
2020,LOAD RITE,LOAD RITE TRAILER
2019,MERCEDES-BENZ,E450
2021,HARLEY-DAVIDSON,FXBBS
2023,VOLKSWAGEN,ID.4
2023,BMW,228I
2020,FOREST RIVER,GEORGETOWN
2019,TOYOTA,MIRAI
2019,BMW,Z4
2019,NEWMAR,ESSEX
2021,NEWMAR,ESSEX
2022,HYUNDAI,SONATA
2021,CHEVROLET,EXPRESS
2022,INDIAN,SCOUT
2022,HARLEY-DAVIDSON,NIGHTSTER
2019,GULF STREAM,CONQUEST
2021,JEEP,RENEGADE
2022,GMC,YUKON XL
2024,TOYOTA,GRAND HIGHLANDER HYBRID
2021,BMW,R 1250 GS
2021,PETERBILT,579
2020,BUICK,REGAL
2021,HYUNDAI,IONIQ PLUG-IN HYBRID
2020,ACURA,RDX
2019,AUDI,A7
2024,PORSCHE,CAYENNE
2019,INDIAN,CHIEFTAIN DARK HORSE
2022,CHEVROLET,CAMARO
2024,FOREST RIVER,SALEM
2021,VOLKSWAGEN,ATLAS
2022,MERCEDES-BENZ,SPRINTER 3500
2019,TESLA,MODEL X
2021,GMC,SIERRA 2500
2023,VOLVO,S60
2022,KIA,FORTE
2020,TOYOTA,HIGHLANDER HYBRID
2021,NEWMAR,NEW AIRE
2019,THOR MOTOR COACH,VENETIAN
2020,BMW,M4
2019,MERCEDES-MAYBACH,S560
2019,HEARTLAND,PIONEER
2022,ORANGE LINE,TH70
2021,PIAGGIO,VESPA PRIMAVERA
2022,FORD,MUSTANG MACH E
2019,COACHMEN,VIKING
2023,KIA,SPORTAGE HYBRID
2019,URAL,TOURIST
2024,TESLA,MODEL S
2019,JEEP,CHEROKEE
2020,JEEP,COMPASS
2019,LEXUS,ES350
2021,JAYCO,MELBOURNE
2022,BMW,530E
2023,BMW,R 1250 GS
2021,HYUNDAI,SANTA FE
2023,HONDA,CMX300
2021,FOREST RIVER,OZARK
2020,TRIUMPH,ROCKET 3 GT
2021,HYUNDAI,KONA ELECTRIC
2021,LEXUS,LS
2020,FORD,F-550
2020,CHRYSLER,300 AWD
2020,ISUZU,FTR
2021,FOREST RIVER,GEORGETOWN
2023,MAZDA,MAZDA3
2022,FORD,F-450 SD
2019,HONDA,CRF1000
2019,BMW,R 1250 GS
2020,MERCEDES-BENZ,GLE
2020,WINNEBAGO,SPYDER
2021,LEXUS,UX200
2021,WHITE RIVER MARINE GROUP,BOAT TRAILER
2019,FORD,F-250 SD
2023,MERCEDES-BENZ,AMG G63
2021,FORD,EXPLORER HYBRID
2019,FORD,ECOSPORT
2021,CHEVROLET,EQUINOX
2023,HYUNDAI,IONIQ 6
2021,DODGE,CHALLENGER
2019,MERCEDES-BENZ,AMG C43
2023,MERCEDES-BENZ,AMG C43
2022,CHEVROLET,TRAX
2019,KTM,790 ADVENTURE R
2024,TOYOTA,TUNDRA
2024,MERCEDES-BENZ,GLE450 E
2020,NISSAN,NV3500
2019,HARLEY-DAVIDSON,FLHTK
2022,HYUNDAI,ELANTRA N
2021,MERCEDES-BENZ,GLE350
2021,NISSAN,NV200
2022,BMW,R 18
2021,FORD,F-53
2023,CHEVROLET,CORVETTE
2021,KIA,SPORTAGE
2019,RAM,4500
2024,NISSAN,VERSA
2020,LEXUS,IS 300
2020,MERCEDES-BENZ,GLS450
2020,WALTON TRAILERS,TRAILER
2021,JAYCO,PRECEPT
2024,LOTUS,EMIRA V6
2021,CRUISER,TWILIGHT
2021,ACURA,TLX
2022,MITSUBISHI,OUTLANDER PHEV
2019,VOLVO,S60
2022,DORSEY,DORSEY
2020,HYUNDAI,IONIQ HYBRID
2021,CADILLAC,ESCALADE ESV
2019,TOYOTA,RAV4 HYBRID
2021,FORD,F-750 SD
2021,POLARIS,SLINGSHOT S
2021,TESLA,MODEL Y
2021,JEEP,WRANGLER
2019,WINNEBAGO,MINNIE WINNIE
2022,FORD,E-250
2020,DODGE,JOURNEY
2020,KTM,1090 ADVENTURE R
2023,WINNEBAGO,TRAVATO
2022,CFMOTO,CF700
2020,TOYOTA,RAV4
2019,POLARIS,SLINGSHOT
2019,HIGHLAND RIDGE,ULTRA LITE
2021,PRIME TIME,AVENGER
2020,SPARTAN,GLADIATOR
2023,MERCEDES-BENZ,EQB300
2022,MINI,COOPER
2022,LINCOLN,AVIATOR
2023,BMW,X2
2021,TOYOTA,4RUNNER
2021,MERCEDES-BENZ,AMG GLE53
2021,CHEVROLET,COLORADO
2020,CADILLAC,CT5
2023,DYNAMAX,EUROPA
2021,AUDI,S7
2021,LEXUS,RX
2022,BUICK,ENVISION
2022,ENTEGRA,CORNERSTONE
2022,KYMCO,K-PIPE
2021,AUDI,SQ8
2024,NISSAN,FRONTIER
2021,LINCOLN,NAVIGATOR
2020,FCCC,XCR
2020,THOR MOTOR COACH,MIRAMAR
2019,VOLKSWAGEN,GOLF ALLTRACK
2019,AUDI,Q8
2020,TESLA,MODEL Y
2019,VOLKSWAGEN,EGOLF
2020,TRIUMPH,ROCKET III ROADSTER
2024,MERCEDES-BENZ,GLS450
2020,HONDA,HR-V
2020,TOYOTA,AVALON
2019,FLEETWOOD,DISCOVERY
2020,WESTERN STAR,4900
2020,TIFFIN,BUS
2019,ACURA,RDX
2022,VOLKSWAGEN,GOLF
2019,NISSAN,ROGUE SPORT
2023,HONDA,GL1800
2019,MASERATI,LEVANTE
2020,AIRSTREAM,INTERNATIONAL
2020,TOYOTA,MIRAI
2023,MERCEDES-BENZ,SPRINTER 3500
2019,HARLEY-DAVIDSON,XL883N
2021,FORD,TRANSIT CONNECT
2020,NISSAN,ROGUE
2021,THOR MOTOR COACH,CHALLENGER
2022,FLEETWOOD,BOUNDER
2019,CHEVROLET,TRAX
2022,PRIME TIME,TRACER
2022,THOR MOTOR COACH,HURRICANE
2021,CHEVROLET,SILVERADO 3500
2021,COACHMEN,CLIPPER
2023,MERCEDES-BENZ,EQS450
2021,KTM,790 ADVENTURE R
2022,KTM,890 DUKE
2020,DETAIL K2,5X7
2019,BMW,X5
2023,MITSUBISHI,OUTLANDER SPORT
2020,CHEVROLET,SILVERADO MEDIUM DUTY
2022,WINNEBAGO,MICRO MINNIE
2023,DODGE,CHALLENGER
2022,AUDI,SQ5
2023,NISSAN,LEAF
2019,MERCEDES-BENZ,GLC350E
2020,FOREST RIVER,VIBE
2020,TOYOTA,CAMRY
2022,CADILLAC,ESCALADE ESV
2019,INDIAN,CHIEF ROADMASTER
2020,LEXUS,RX
2020,CHRYSLER,PACIFICA
2023,TOYOTA,HIGHLANDER
2020,CHRYSLER,VOYAGER
2022,BMW,X6
2022,BMW,M235I
2021,NISSAN,FRONTIER
2020,ZERO,SR/F
2019,TESLA,MODEL 3
2022,WINNEBAGO,INSPIRE
2021,NISSAN,SENTRA
2020,KAWASAKI,KLX230
2021,FOREST RIVER,CHEROKEE WOLF PACK
2021,INTERNATIONAL,LT
2022,VOLKSWAGEN,ARTEON
2022,DUCATI,HYPERMOTARD
2021,VOLVO,XC90H
2020,FOREST RIVER,PALOMINO
2023,KTM,790 ADVENTURE R
2022,INFINITI,QX55
2019,TOYOTA,AVALON HYBRID
2019,TOYOTA,4RUNNER
2023,HARLEY-DAVIDSON,FLHTK
2022,MINI,CLUBMAN
2020,NISSAN,PATHFINDER
2021,BMW,X7
2021,VOLVO,XC60
2019,MERCEDES-BENZ,CLA250
2024,VOLKSWAGEN,GOLF R
2020,SUBARU,CROSSTREK
2021,JAYCO,NORTHPOINT
2024,BMW,X1
2023,TESLA,MODEL X
2019,VANLEIGH,VILANO
2021,MAZDA,CX-3
2020,SUZUKI,V-STROM 1050XT
2023,LEXUS,RX
2023,KIA,K5
2024,KIA,SORENTO
2021,GENUINE SCOOTER,BRIO
2022,FOREST RIVER,OZARK
2022,FOREST RIVER,NOMAD
2021,BMW,X4
2019,WESTERN STAR,4900
2020,GENESIS,G70
2019,KENWORTH,T680
2021,GMC,SAVANA
2019,PETERBILT,520
2023,HONDA,CR-V
2020,CHEVROLET,CAMARO
2021,BMW,750LI
2023,KIA,STINGER
2021,YAMAHA,YW125
2019,NISSAN,ROGUE
2022,MINI,COUNTRYMAN
2022,AUDI,Q5 SPORTBACK
2020,KIA,TELLURIDE
2019,BMW,K 1600 GTL
2019,AUTOCAR,XPEDITOR
2022,ISUZU,N-SERIES
2019,HONDA,CR-V
2019,FORD,F-250
2019,JAYCO,JAY FLIGHT BUNGALOW
2022,T.A. PELSUE COMPANY,TRADESMAN FIBERLITE XL
2020,KTM,1290 SUPER ADVENTURE S
2019,HYUNDAI,VELOSTER
2021,AUDI,Q5 E
2019,CADILLAC,XT4
2023,TIFFIN,ALLEGRO BAY
2022,FOUR WHEEL,HAWK
2022,FOREST RIVER,EAST TO WEST ALTA
2022,MERCEDES-BENZ,METRIS
2021,TOYOTA,SIENNA HYBRID
2019,INFINITI,QX30
2019,BMW,850GS
2023,HYUNDAI,KONA ELECTRIC
2023,POLARIS,SLINGSHOT R
2019,WINNEBAGO,MINNIE
2022,CHEVROLET,SILVERADO 2500
2020,MAZDA,CX-9
2022,LEXUS,GX
2022,FOREST RIVER,SHASTA OASIS
2020,JAYCO,FIFTH WHEEL
2021,KIA,K5
2021,HYUNDAI,VELOSTER N
2022,HYUNDAI,SANTA FE
2021,HOLIDAY HOUSE,RECREATIONAL TRAILER
2020,RIVERSIDE,INTREPID
2023,SUBARU,CROSSTREK
2024,MAZDA,CX-90
2019,KEYSTONE,OUTBACK
2021,QUALITY CARGO,BOX TRAILER
2019,LAND ROVER,DISCOVERY
2023,KAWASAKI,VULCAN 900
2020,AUDI,A3 ETRON
2024,ACURA,RDX
2024,KIA,CARNIVAL
2020,GRAND DESIGN,MOMENTUM
2021,KEYSTONE,RAPTOR
2024,FOREST RIVER,STEALTH
2021,LEXUS,LS500
2019,LIVIN LITE,TRAIL TRAILER
2020,HONDA,ACCORD HYBRID
2022,TESLA,MODEL Y
2019,KIA,RIO
2022,NEWMAR,LONDON AIRE
2021,FORD,F-250
2021,FOREST RIVER,ROCKWOOD
2023,TOYOTA,COROLLA CROSS
2023,AUDI,Q4 E-TRON SPORTBACK
2022,SUBARU,FORESTER
2020,HIGHLAND RIDGE,OPEN RANGE
2023,AUDI,Q5
2022,DUTCHMEN,COLEMAN
2021,NISSAN,ROGUE SPORT
2024,TESLA,CYBERTRUCK
2020,LEXUS,RC
2023,KIA,SPORTAGE PHEV
2021,MITSUBISHI,MIRAGE G4
2019,GMC,ACADIA
2022,FOREST RIVER,PUMA
2022,HARLEY-DAVIDSON,FXBBS
2024,KIA,NIRO
2021,BMW,228I
2021,TIFFIN,ALLEGRO OPEN ROAD
2019,STONEWELL BODIES,MINI TRAILER
2023,FOREST RIVER,ECONOMY HAULER
2019,AUDI,A3 CABRIOLET
2020,MERCEDES-BENZ,AMG C43
2022,COACHMEN,MIRADA
2019,INFINITI,Q50
2019,VANLEIGH,BEACON
2023,KAWASAKI,ZX-6R
2020,NEWMAR,LONDON AIRE
2023,PETERBILT,579
2023,LINCOLN,AVIATOR
2022,MERCEDES-BENZ,SPRINTER 1500
2023,LEXUS,NX350
2024,LEXUS,NX HYBRID
2023,BUICK,ENCORE GX
2019,JAYCO,PRECEPT
2020,RAM,2500
2019,FORD,EXPEDITION
2022,HYUNDAI,TUCSON
2019,PIERCE,PUMPER
2022,JAYCO,JAY FLIGHT SLX
2019,DODGE,CHARGER
2019,YAMAHA,YZFR3K
2021,AUDI,A5
2022,INDIAN,SUPER CHIEF
2019,VOLKSWAGEN,ARTEON
2021,LAND ROVER,RANGE ROVER SPORT
2019,STARCRAFT,LAUNCH
2019,TESLA,MODEL S
2021,CADILLAC,CT5
2020,JAYCO,WHITE HAWK
2023,YAMAHA,TW200
2024,KIA,TELLURIDE
2019,GMC,YUKON DENALI
2023,HARLEY-DAVIDSON,FLHXSE
2019,KEYSTONE,RAPTOR
2019,THOR MOTOR COACH,OUTLAW
2019,DUTCHMEN,KODIAK
2020,NISSAN,VERSA
2021,FOREST RIVER,VIBE
2021,MERCEDES-BENZ,GLC300
2019,VOLKSWAGEN,TIGUAN
2019,FORD,F-350 SD
2022,HONDA,ACCORD
2020,MERCEDES-BENZ,GLC350
2020,MERCEDES-BENZ,GLC63
2023,INFINITI,QX60
2020,CHEVROLET,MALIBU
2019,KIA,SOUL
2019,ISUZU,NPR
2019,KAWASAKI,NINJA ZX-6R
2023,LINCOLN,NAUTILUS
2023,LEXUS,RZ
2022,TRIUMPH,TIGER 850
2020,LEXUS,NX300
2022,TOYOTA,HIGHLANDER
2020,INTERNATIONAL,LT
2021,FCCC,MT45
2019,KIA,FORTE
2022,ENTEGRA,VISION
2023,AIRSTREAM,ATLAS
2020,MCLAREN,600LT
2019,MERCEDES-BENZ,AMG GT
2020,KTM,1290 SUPER ADVENTURE R
2022,COACHMEN,GALLERIA
2021,BUICK,ENCORE GX
2019,JAYCO,MELBOURNE
2022,AUDI,E-TRON GT
2020,KIA,STINGER
2022,DUTCHMEN,KODIAK
2019,AUDI,A8
2022,ROYAL ENFIELD,HIMALAYAN
2020,FOREST RIVER,OZARK
2019,PORSCHE,CAYENNE
2020,ISUZU,NPR
2019,CARRY-ON,ENCLOSED CARGO TRAILER
2024,JEEP,GRAND CHEROKEE
2021,VANDERHALL,CARMEL
2020,BMW,R 1250 R
2020,FORD,F-250
2020,US CARGO,CARGO TRAILER
2022,TOYOTA,RAV4 PRIME
2020,HYUNDAI,VENUE
2024,FORD,ESCAPE
2019,FERRARI,488 GTB
2020,FREIGHTLINER,BUSINESS CLASS M2
2019,STARCRAFT,MOSSY OAK
2020,MINI,COUNTRYMAN
2021,TIFFIN,ALLEGRO
2021,AUDI,S5
2023,NISSAN,PATHFINDER
2019,GRAND DESIGN,SOLITUDE
2022,FORD,EXPEDITION
2020,CHEVROLET,SUBURBAN
2023,LAND ROVER,RANGE ROVER
2024,HONDA,CR-V HYBRID
2021,VOLVO,V60
2019,MACK,ANTHEM (AN)
2020,ALFA ROMEO,STELVIO
2019,PETERBILT,389
2021,RIVERSIDE,INTREPID
2021,KAWASAKI,NINJA
2021,TOYOTA,RAV4 PRIME
2019,TRIUMPH,TIGER 1200 XRX
2019,JAYCO,WHITE HAWK
2023,HONDA,ACCORD
2023,THOR MOTOR COACH,TELLARO
2022,KAWASAKI,NINJA ZX-10R
2021,AUDI,Q5
2021,VITACCI,BULLET 25
2021,KAWASAKI,VN900
2021,DUCATI,MULTISTRADA
2020,MERCEDES-BENZ,C300
2020,AUDI,SQ5
2020,FREIGHTLINER,CASCADIA
2023,BMW,X5
2019,GENESIS,G90
2019,MAZDA,CX-9
2020,THOR,OMNI
2023,GMC,CANYON
2022,MITSUBISHI,OUTLANDER
2023,WINNEBAGO,EKKO
2022,AUDI,E-TRON S
2022,JAGUAR,XF
2022,BMW,I4
2023,FORD,EXPEDITION
2022,MERCEDES-BENZ,AMG E53
2019,NISSAN,FRONTIER
2019,NISSAN,ALTIMA
2024,LAND ROVER,RANGE ROVER VELAR
2019,TRIUMPH,SPEED TRIPLE
2022,JEEP,WRANGLER
2024,CHEVROLET,TRAX
2020,KIA,SOUL
2019,BMW,740I
2020,SUBARU,OUTBACK
2023,RIVIAN,R1T
2021,NISSAN,VERSA
2021,KEYSTONE,COUGAR
2022,ACURA,MDX
2021,FOREST RIVER,AURORA
2021,JAYCO,JAYCO
2023,TOYOTA,RAV4 PRIME
2019,INTERNATIONAL,LT
2023,JEEP,RENEGADE
2020,HONDA,CRF1100 AFRICA TWIN
2023,KENWORTH,T680
2019,JAYCO,EAGLE HT
2020,DUCATI,MONSTER 1200
2020,AUDI,S3
2020,AUDI,A4 ALLROAD
2019,HONDA,ACCORD HYBRID
2019,THOR MOTOR COACH,MAGNITUDE
2021,HONDA,PILOT
2020,GRAND DESIGN,IMAGINE
2019,AUDI,S3
2019,DODGE,CHALLENGER
2024,LINCOLN,AVIATOR
2021,MAXEY TRAILERS,MAXEY TRAILERS
2024,TRITON TRAILER,TRAILER
2022,FORD,F-350 SD
2021,MERCEDES-BENZ,GLE450
2021,HYUNDAI,VELOSTER
2022,MERCEDES-BENZ,GLA250
2022,THOMAS BUILT BUSES,SAF-T-LINER C2
2023,RIVIAN,R1S
2019,MERCEDES-BENZ,SPRINTER 4500
2021,MITSUBISHI,OUTLANDER SPORT
2019,INTERNATIONAL,MV
2022,MITSUBISHI,MIRAGE
2022,AUDI,Q4 E-TRON SPORTBACK
2019,FOREST RIVER,SALEM
2022,JAYCO,REDHAWK SE
2021,AUDI,A6
2021,JAYCO,SENECA PRESTIGE
2024,FOREST RIVER,FORESTER
2023,MERCEDES-BENZ,EQE350
2019,CHEVROLET,SPARK
2023,MERCEDES-BENZ,EQE350+
2020,HARLEY-DAVIDSON,FLHTCUTG
2020,CHEVROLET,IMPALA
2020,MERCEDES-BENZ,S450
2021,BMW,230I
2021,BENTLEY,BENTAYGA
2022,LEXUS,RX350
2022,MITSUBISHI,ECLIPSE CROSS
2019,FOREST RIVER,SHOCKWAVE
2019,JAYCO,ALANTE
2023,KEYSTONE,COUGAR
2019,KEYSTONE,COUGAR
2019,NISSAN,PATHFINDER
2023,FORD,MUSTANG
2022,BMW,Z4
2022,FOREST RIVER,VENGEANCE
2020,FOREST RIVER,R-POD
2022,FORD,ECOSPORT
2021,PETERBILT,567
2022,TOYOTA,HIGHLANDER HYBRID
2022,THOR MOTOR COACH,SCOPE
2022,STEALTH,NOMAD
2019,AUDI,A5
2019,ENTEGRA,CORNERSTONE
2020,GMC,TERRAIN
2019,FORD,TRANSIT
2022,LINCOLN,NAVIGATOR
2019,CARRY-ON,OPEN BED TRAILER
2021,HEARTLAND,CYCLONE
2019,LEXUS,LS
2020,TOYOTA,4RUNNER
2021,FOREST RIVER,CASCADE
2024,TOYOTA,4RUNNER
2020,CAN-AM,SPYDER F3
2020,BMW,S 1000 XR
2019,CADILLAC,XTS
2023,VOLVO,C40
2020,JAYCO,EAGLE HT
2020,LEXUS,RX450H
2019,WESTERN STAR,5700
2023,JEEP,GRAND CHEROKEE
2022,AUDI,E-TRON SPORTBACK
2021,CADILLAC,CT4
2024,CHEVROLET,COLORADO
2020,NISSAN,ARMADA
2021,GMC,YUKON
2024,LEXUS,TX
2021,LEXUS,IS 300
2023,BIG TEX,16GN
2019,FLEETWOOD,FLAIR
2019,FOREST RIVER,NO BOUNDARIES
2023,GENESIS,GV60
2022,NISSAN,ARMADA
2024,HONDA,CR-V
2022,TOYOTA,SIENNA HYBRID
2021,TIFFIN,ALLEGRO RED
2019,FOREST RIVER,ROCKWOOD
2021,SUBARU,ASCENT
2023,MERCEDES-BENZ,GLA250
2020,HIGHLAND RIDGE,LIGHT
2020,GENESIS,FIFTH WHEEL
2023,THOR MOTOR COACH,INCEPTION
2019,GMC,YUKON
2021,GMC,SIERRA 1500
2024,TIFFIN,ALLEGRO
2022,FLEETWOOD,FLAIR
2019,MERCEDES-BENZ,GLC300
2023,POLARIS,SLINGSHOT SL
2021,PORSCHE,TAYCAN
2023,TOYOTA,TACOMA
2019,LEXUS,RX350
2020,MERCEDES-BENZ,METRIS
2020,BUICK,REGAL TOURX
2020,FLEETWOOD,SOUTHWIND
2020,CAN-AM,RYKER
2023,ZERO,DS
2020,LEXUS,RX350
2024,GRAND DESIGN,REFLECTION
2021,AIRSTREAM,INTERSTATE NINETEEN
2022,KZRV,SPORT TREK
2020,MAZDA,MAZDA6
2024,VOLKSWAGEN,TIGUAN
2021,FORD,E-350
2020,GRAND DESIGN,TRANSCEND
2019,FOREST RIVER,CARDINAL LUXURY
2024,LEXUS,LC
2022,AUDI,SQ8
2023,GRAND DESIGN,SOLITUDE
2019,HARLEY-DAVIDSON,FLHXSE
2019,BMW,M5
2023,FORD,F-450 SD
2019,FORD,F-450 SD
2022,FORD,TRANSIT
2021,FREIGHTLINER,M2
2022,TOYOTA,TACOMA
2021,MERCEDES-BENZ,GLA250
2019,AUDI,A3
2020,ECLIPSE,ATTITUDE
2021,RAM,PROMASTER
2019,BMW,330I
2024,FORD,EDGE
2019,FOREST RIVER,SIERRA
2022,RIVIAN,EDV
2024,LAND ROVER,DEFENDER
2019,VENTURE,SONIC
2023,MERCEDES-BENZ,AMG EQE
2019,PORSCHE,911
2023,ALFA ROMEO,STELVIO
2022,FOREST RIVER,SALEM
2020,KEYSTONE,BULLET
2019,KIA,SEDONA
2022,FCCC,XCM
2020,COACHMEN,CHAPARRAL LITE
2020,DUCATI,SUPERSPORT
2020,RAM,PROMASTER
2019,GMC,SAVANA
2023,CHRYSLER,PACIFICA HYBRID
2024,AUDI,A4
2021,KENWORTH,T440
2023,MERCEDES-BENZ,EQS580
2021,BMW,R 1250 RS
2019,ICEBEAR,CHAMPION
2024,AUDI,Q3
2019,MITSUBISHI,OUTLANDER
2021,BMW,X1
2022,VOLVO,C40
2020,HONDA,CRF1100D4
2023,BMW,F 750 GS
2024,TOYOTA,SIENNA
2020,AUDI,R8
2024,CHEVROLET,CORVETTE
2021,NISSAN,MAXIMA
2020,KEYSTONE,MONTANA HIGH COUNTRY
2022,VANDERHALL,CARMEL
2021,MERCEDES-BENZ,SPRINTER 2500
2022,FORD,F-250 SD
2022,NEWMAR,CANYON STAR
2024,BMW,M440I
2020,POLARIS,SLINGSHOT SL
2019,CHEVROLET,CAMARO
2021,MERCEDES-BENZ,E350
2022,MACK,GRANITE (GR)
2022,MERCEDES-BENZ,GLS450
2023,THOR MOTOR COACH,OMNI
2024,MERCEDES-BENZ,GLE350
2024,VOLVO,XC40
2022,HYUNDAI,KONA ELECTRIC
2022,LEXUS,NX450H+
2022,WINNEBAGO,VOYAGE
2022,TOYOTA,COROLLA
2021,VOLVO,XC40
2020,MITSUBISHI,MIRAGE G4
2019,GMC,YUKON XL
2020,GMC,YUKON XL
2019,MERCEDES-BENZ,AMG GLE43
2019,HONDA,CB500X
2022,MERCEDES-BENZ,GLC300
2019,BMW,G310 GS
2020,GMC,SIERRA 1500
2022,HYUNDAI,VENUE
2022,LEXUS,ES300H
2024,HYUNDAI,SONATA
2021,RAM,2500
2023,NEWMAR,DUTCH STAR
2022,HONDA,NAVI
2020,JAGUAR,F-PACE
2020,SUBARU,BRZ
2019,TIFFIN,ALLEGRO
2021,MERCEDES-BENZ,AMG CLA45
2020,FOREST RIVER,CARDINAL
2024,RAM,3500
2020,KARAVAN,BOAT TRAILER
2022,BMW,IX
2022,VOLKSWAGEN,ATLAS CROSS SPORT
2019,LEXUS,LX570
2024,LEXUS,ES
2019,BLUE BIRD,BBCV
2020,DODGE,CARAVAN
2023,MERCEDES-BENZ,EQE500
2021,FREIGHTLINER,BUSINESS CLASS M2
2022,INDIAN,CHALLENGER
2023,GENESIS,G70
2020,BMW,M2
2024,MERCEDES-BENZ,GLC300
2021,HONDA,INSIGHT
2021,FOREST RIVER,WILDWOOD
2020,GMC,SIERRA DENALI
2022,MERCEDES-BENZ,CLA250
2020,ACURA,TLX
2024,ACURA,INTEGRA
2020,LANCE CAMPER,TRUCK CAMPER (1172)
2021,HYUNDAI,SONATA
2024,CHRYSLER,PACIFICA
2023,KIA,SORENTO HYBRID
2022,TESLA,MODEL S
2020,HYUNDAI,KONA
2022,GMC,HUMMER EV
2021,HARLEY-DAVIDSON,FLHXS
2020,TOYOTA,HIGHLANDER
2022,FORD,E-350
2020,NORTH SHORE,CARGO TRAILER
2023,TRIUMPH,SPEED TWIN
2021,TOYOTA,VENZA HYBRID
2022,CHEVROLET,TRAVERSE
2022,ENTEGRA,ETHOS
2022,NISSAN,MAXIMA
2020,TIFFIN,ALLEGRO
2022,TRIUMPH,TIGER SPORT
2021,HONDA,CIVIC
2022,CHEVROLET,COLORADO
2022,TOYOTA,TUNDRA HYBRID
2021,FOREST RIVER,SALEM
2020,RAM,PROMASTER 2500
2020,KIA,SORENTO
2022,HEARTLAND,NORTH TRAIL
2019,GENESIS,G70
2021,THOR,MAGNITUDE
2023,MARKET DIRECT CAMPERS,MARKET DIRECT CAMPER
2022,GENESIS,GV70
2023,TOYOTA,BZ4X
2021,EARTHROAMER,LTI
2021,HARLEY-DAVIDSON,RA1250
2019,TRAVEL LITE,TRAVEL LITE
2021,BMW,M2
2022,RAM,1500
2022,FOREST RIVER,SOLERA
2019,MAZDA,MAZDA3
2022,SUZUKI,GSX1300R
2020,AUDI,A5
2021,KZRV,SONIC
2021,WINNEBAGO,VIEW
2020,MACK,GRANITE (GR)
2020,KEYSTONE,PASSPORT
2019,THOR,PALAZZO
2024,CADILLAC,XT5
2022,BMW,S 1000 RR
2020,HORTON,TYPE I
2021,MERCEDES-BENZ,AMG GLB35
2023,CADILLAC,CT4
2019,JAYCO,FIFTH WHEEL
2021,TOYOTA,RAV4
2021,KENWORTH,T880
2021,ACURA,ILX
2022,ALLIANCE RV,PARADIGM
2022,HONDA,CRF1100
2019,HONDA,CRF450L
2023,TOYOTA,GR86
2019,VOLKSWAGEN,PASSAT
2020,CUSTOM FIRE,FREIGHTLINER M2
2023,KEYSTONE,FUZION
2021,HONDA,RIDGELINE
2020,CHEVROLET,BLAZER
2024,CHEVROLET,SILVERADO 1500
2023,FORD,ESCAPE
2020,LEXUS,NX300H
2021,RAM,PROMASTER 2500
2019,GMC,TERRAIN
2022,JAGUAR,E-PACE
2023,NISSAN,MURANO
2019,MITSUBISHI FUSO,FE140G
2021,BMW,X6
2024,GENESIS,GV80
2021,HYUNDAI,NEXO
2023,MERCEDES-BENZ,S580
2020,VANDERHALL,CARMEL GTS
2020,FOREST RIVER,VENGEANCE
2019,HONDA,GL1800
2022,LEXUS,ES HYBRID
2019,VOLKSWAGEN,JETTA
2021,GRAND DESIGN,MOMENTUM
2022,AUDI,Q5 E PHEV
2019,HARLEY-DAVIDSON,FLRT
2024,JEEP,WAGONEER
2021,LEXUS,IS
2022,KIA,K5
2021,GMC,CANYON
2022,HONDA,GL1800
2021,AUDI,S8
2019,INFINITI,Q60
2022,KENWORTH,W900
2023,THOR MOTOR COACH,VEGAS
2021,FOREST RIVER,STEALTH
2019,LEXUS,RC
2023,FOREST RIVER,FORESTER
2020,GRAND DESIGN,SOLITUDE
2023,GMC,SIERRA 1500
2019,MERCEDES-BENZ,AMG S63
2020,JAYCO,PINNACLE
2019,HARLEY-DAVIDSON,FLHTCU
2021,VOLKSWAGEN,GOLF
2021,TOYOTA,HIGHLANDER
2022,TOYOTA,SUPRA
2019,PRIME TIME,TRACER
2020,FIAT,500X
2022,CADILLAC,XT5
2019,BUICK,ENCLAVE
2020,PIAGGIO,VESPA GTS 300
2022,HYUNDAI,VELOSTER N
2019,HYUNDAI,NEXO
2020,KEYSTONE,HIDEOUT
2022,TOYOTA,PRIUS
2022,TRAILSTAR,BOAT TRAILER
2020,TOYOTA,COROLLA HATCHBACK
2023,FREIGHTLINER,BUSINESS CLASS M2
2020,LINCOLN,CONTINENTAL
2021,GRAND DESIGN,REFLECTION
2020,THOR MOTOR COACH,TUSCANY
2019,MACK,GRANITE (GR)
2024,LEXUS,RX HYBRID
2021,COACHMEN,MIRADA
2020,MITSUBISHI,OUTLANDER SPORT
2022,GENUINE SCOOTER,NIU MQIGT EVO
2024,FORD,F-250 SD
2019,INFINITI,QX50
2020,AUDI,Q8
2020,FORD,EDGE
2020,HONDA,CR-V HYBRID
2021,VENTURE,SONIC
2024,SUBARU,FORESTER
2024,HONDA,PROLOGUE
2019,JEEP,GRAND CHEROKEE
2020,FORD,ECOSPORT
2021,JAYCO,REDHAWK
2019,NEXUS,WRAITH
2019,HARLEY-DAVIDSON,FLSL
2021,AUDI,A4
2022,RENEGADE,VERONA
2019,JAYCO,EAGLE
2021,AUDI,Q3
2022,INDIAN,PURSUIT
2022,GRAND DESIGN,IMAGINE
2022,LEXUS,ES350
2022,ALLIANCE RV,VALOR
2019,WINNEBAGO,TRAVATO
2019,LAND ROVER,RANGE ROVER
2021,MACK,ANTHEM (AN)
2019,LEXUS,RX
2021,SUBARU,WRX
2022,COACHMEN,NOVA
2022,THOR MOTOR COACH,ACE
2022,WINNEBAGO,ADVENTURER
2021,RAM,PROMASTER 1500
2021,LAND ROVER,DISCOVERY SPORT
2024,RAM,2500
2020,BMW,X1
2022,SUZUKI,GSX-S1000GT
2019,TOYOTA,C-HR
2022,MERCEDES-BENZ,EQS580
2020,TIFFIN,ALLEGRO BUS
2019,FOREST RIVER,R-POD
2019,VOLKSWAGEN,BEETLE
2023,THOR MOTOR COACH,COMPASS
2020,TRIUMPH,ROCKET 3 R
2024,VOLVO,S60
2023,BMW,740I
2022,VANLEIGH,BEACON
2023,NISSAN,ROGUE
2022,PORSCHE,MACAN
2022,ROYAL ENFIELD,CLASSIC 350
2020,WINNEBAGO,NAVION
2021,CADILLAC,ESCALADE
2020,ACURA,ILX
2022,NEWMAR,NEW AIRE
2024,TOYOTA,RAV4 PRIME
2022,HONDA,CRF450
2023,VOLKSWAGEN,TAOS
2023,CHEVROLET,BOLT EV
2023,GENESIS SUPREME,37CRXL
2022,KIA,STINGER
2019,NISSAN,MAXIMA
2020,KEYSTONE,CARBON
2021,TOYOTA,RAV4 HYBRID
2022,INTERNATIONAL,LT
2022,WINNEBAGO,SUNSTAR
2023,CHEVROLET,COLORADO
2020,MERCEDES-BENZ,AMG S63
2023,VOLVO,XC90
2023,AUDI,Q3
2021,JAYCO,MELBOURNE PRESTIGE
2022,THOR MOTOR COACH,TIBURON
2021,BMW,M440I
2022,LEXUS,RX
2023,ENTEGRA,ODYSSEY
2020,NEXUS,TRIUMPH
2024,MERCEDES-BENZ,GLE400E
2021,MAZDA,MAZDA3
2023,NISSAN,MAXIMA
2024,BMW,XM
2020,HONDA,INSIGHT
2020,THOR,MAGNITUDE
2022,MERCEDES-BENZ,S500
2024,AUDI,Q4 E-TRON SPORTBACK
2022,INTERNATIONAL,CV
2021,HARLEY-DAVIDSON,FXLRS
2022,KIA,SELTOS
2023,FORD,E-450
2023,LEXUS,IS
2022,GENESIS,G80
2024,HYUNDAI,ELANTRA
2019,MERCEDES-BENZ,A220
2022,QUALITY,CARGO TRAILER
2020,NEWMAR,KOUNTRY STAR
2020,AIRSTREAM,BASECAMP
2023,TOYOTA,HIGHLANDER HYBRID
2023,SUBARU,FORESTER
2021,ROYAL ENFIELD,HIMALAYAN
2020,KTM,1290 SUPER DUKE R
2021,HONDA,CRF300L
2023,FOREST RIVER,SALEM
2020,BMW,M8
2019,LEXUS,ES
2020,FOREST RIVER,SURVEYOR
2021,PORSCHE,CAYMAN
2023,NOVAE,SURE-TRAC
2024,NISSAN,TITAN
2023,VOLKSWAGEN,GOLF R
2020,CHEVROLET,SILVERADO 2500
2019,KEYSTONE,FUZION
2020,TOYOTA,SIENNA
2022,FORD,F-53
2022,POLESTAR,POLESTAR 2
2024,FORD,E-350
2022,THOR MOTOR COACH,FOUR WINDS
2020,BMW,230I
2021,THOR MOTOR COACH,FOUR WINDS
2021,FLEETWOOD,SOUTHWIND
2019,FOREST RIVER,FREEDOM EXPRESS
2022,JAYCO,JAY FLIGHT
2019,MAZDA,MX-5
2019,YACHT CLUB,1825B
2024,BMW,340I
2022,VOLKSWAGEN,GOLF R
2019,HYUNDAI,ACCENT
2019,FORD,EXPLORER
2020,ROYAL ENFIELD,INTERCEPTOR 650
2019,FOREST RIVER,BERKSHIRE
2021,VOLKSWAGEN,GLI
2021,ARCIMOTO,FUV
2024,ALFA ROMEO,TONALE
2019,CHEVROLET,6500HD
2021,HEARTLAND,MALLARD
2023,FORD,TRANSIT
2021,MERCEDES-BENZ,C300
2019,FORD,E-450
2022,SPORT HAVEN,ALUMINUM UTILITY TRAILER
2021,INDIAN,SCOUT
2023,FOREST RIVER,SUNSEEKER
2020,FOREST RIVER,ROCKWOOD
2022,GMC,TERRAIN
2020,MERCEDES-BENZ,CLS450
2021,FORD,F-59
2019,BMW,C650 GT MAXI-SCOOTER
2020,MERCEDES-BENZ,C350
2019,COACHMEN,CATALINA
2023,MERCEDES-BENZ,E450
2020,BMW,I8
2023,MERCEDES-BENZ,SPRINTER 1500
2023,MERCEDES-BENZ,AMG GLE53
2020,LEXUS,ES350
2020,TAOTAO,TBR7
2022,TOYOTA,4RUNNER
2022,NISSAN,ALTIMA
2022,HYUNDAI,IONIQ
2020,NISSAN,ALTIMA
2021,FOREST RIVER,SANDPIPER
2020,CHEVROLET,SONIC
2019,LANCE,1685
2022,JEEP,COMPASS
2022,AUDI,S6
2024,BMW,X7
2023,HONDA,RIDGELINE
2021,MERCEDES-BENZ,SPRINTER 1500
2019,HONDA,CIVIC SI
2024,FORD,F-350 SD
2021,CHEVROLET,SILVERADO 2500
2024,BMW,330E
2023,KIA,NIRO EV
2020,WINNEBAGO,HORIZON
2021,KAWASAKI,ZG1400E
2020,CADILLAC,XT5
2021,DODGE,DURANGO
2022,WINNEBAGO,EKKO
2019,FORD,F-650 SD
2019,FRONTIER,AMBASSADOR
2020,HEARTLAND,PIONEER
2023,TOYOTA,COROLLA CROSS HYBRID
2022,TOYOTA,CAMRY
2023,HYUNDAI,VENUE
2019,RAM,2500
2020,NISSAN,SENTRA
2021,THOR MOTOR COACH,ACE
2022,FIAT,500X
2021,GENESIS,GV80
2021,VANLEIGH,VILANO
2022,FOREST RIVER,WILDWOOD
2023,DYNAMAX,ISATA
2019,KYMCO,LIKE 150I
2021,BIG TEX,BIG TEX
2019,LEXUS,LS500
2021,THOR,WINDSPORT
2019,FIAT,124 SPIDER
2024,MERCEDES-BENZ,AMG EQE
2022,WHITE RIVER MARINE GROUP,BOAT TRAILER
2021,PRIME TIME,CRUSADER
2020,THOMAS BUILT BUSES,SAF-T-LINER C2
2021,KENWORTH,W900
2022,SUBARU,OUTBACK
2020,LINCOLN,MKZ
2023,BMW,K 1600 B
2019,PETERBILT,579
2019,NISSAN,KICKS
2019,ACURA,TLX
2023,BMW,M240I
2019,OLIVER TRAVEL TRAILERS,LEGACY ELITE II
2023,CHEVROLET,BOLT EUV
2022,INFINITI,QX60
2021,NISSAN,ROGUE
2019,CRUISER RV,FUN FINDER EXTREME LITE
2019,MERCEDES-BENZ,AMG GLC43
2023,PRATT INDUSTRIES,PRATT INDUSTRIES
2019,ESCAPE RV,ESCAPE
2020,THOR MOTOR COACH,OUTLAW
2019,ENTEGRA,ASPIRE
2024,TOYOTA,COROLLA CROSS
2021,ACURA,NSX
2023,LUCID,AIR
2020,INDIAN,CHALLENGER
2023,KIA,TELLURIDE
2022,VOLVO,XC60
2023,TOYOTA,RAV4
2023,FORD,F-650 SD
2021,FORD,E-150
2022,VOLKSWAGEN,TAOS
2021,INTERNATIONAL,MV
2021,FORD,BRONCO SPORT
2021,SUBARU,OUTBACK
2022,DUCATI,SCRAMBLER
2021,GREENPOWER,SCHOOL BUS
2024,TOYOTA,TACOMA
2019,MERCEDES-BENZ,AMG GT53
2021,FORD,BRONCO
2020,CHEVROLET,CORVETTE
2022,TOYOTA,AVALON
2020,KIA,FORTE
2024,VOLVO,V60
2022,VOLVO,S90
2023,MERCEDES-BENZ,AMG GLB35
2021,BMW,530I
2022,JAYCO,JAY FEATHER
2023,AUDI,Q8
2021,HYUNDAI,ELANTRA
2020,FORD,F-150
2021,CADILLAC,XT4
2022,FOREST RIVER,FR3
2019,MITSUBISHI,MIRAGE
2024,INTERNATIONAL,LT
2022,FREIGHTLINER,BUSINESS CLASS M2
2022,MAZDA,MX-5
2023,SUBARU,IMPREZA
2021,FOREST RIVER,XLR TOYHAULER
2020,HONDA,ACCORD
2022,KTM,1290 SUPER ADVENTURE S
2019,MERCEDES-BENZ,GLA250
2023,SUZUKI,V-STROM 800
2020,VOLVO,S90
2021,FREIGHTLINER,CASCADIA
2022,MASTER TOW,MASTER TOW
2019,BMW,R1250 GS ADVENTURE
2024,VOLKSWAGEN,TAOS
2023,VOLKSWAGEN,JETTA
2021,LEXUS,ES350
2019,TIFFIN,PHAETON
2023,INDIAN,PURSUIT LIMITED
2022,KAWASAKI,NINJA 400
2019,FORD,F-450
2020,JAYCO,JAY FLIGHT BUNGALOW
2021,PORSCHE,MACAN
2021,KZRV,SPREE
2023,BMW,540I
2019,MERCEDES-BENZ,AMG CLS53
2023,GENESIS,G80
2022,YONGFU,SOLANA
2021,KEYSTONE,SPRINGDALE
2024,LEXUS,NX250
2021,FOREST RIVER,IMPRESSION
2021,KIA,SELTOS
2021,HONDA,TRAIL 125
2024,AUDI,A5
2023,FORD,BRONCO
2022,BMW,530I
2019,SUBARU,BRZ
2020,HONDA,CIVIC
2020,GMC,CANYON
2019,BMW,X1
2022,TOYOTA,VENZA HYBRID
2023,THOR MOTOR COACH,SANCTUARY
2023,TOYOTA,RAV4 HYBRID
2023,COACHMEN,BEYOND
2021,LEXUS,UX HYBRID
2019,CHEVROLET,COLORADO
2021,BMW,X3
2022,TOYOTA,GR86
2023,CHEVROLET,CAMARO
2019,HONDA,CLARITY PLUG-IN HYBRID
2021,WESTERN STAR,4700
2022,FREIGHTLINER,114SD
2021,VOLKSWAGEN,PASSAT
2021,SUBARU,FORESTER
2019,HOLIDAY HOUSE,18RB
2020,AMERICAN HAULER,CARGO TRAILERS
2021,HOLIDAY HOUSE,18RB
2020,BMW,C650 GT MAXI-SCOOTER
2020,HARLEY-DAVIDSON,FLTRXS
2022,INFINITI,QX80
2023,GMC,YUKON
2019,CHEVROLET,SILVERADO 2500
2019,AUDI,A3 ETRON
2023,FORD,EDGE
2022,BMW,R 1250 RT
2020,CADILLAC,CT4
2021,FORD,MUSTANG
2022,OUTBACK CUSTOM,DODGE RAM RCA
2021,THOR MOTOR COACH,OUTLAW
2019,INFINITI,QX80
2022,WINNEBAGO,SOLIS
2023,FOREST RIVER,VENGEANCE
2022,TRIUMPH,ROCKET 3 GT
2021,FOREST RIVER,FLAGSTAFF
2021,FORD,ESCAPE HYBRID
2022,MERCEDES-BENZ,A220
2020,VOLKSWAGEN,GTI
2020,TESLA,MODEL 3
2021,CHEVROLET,SILVERADO 4500HD
2019,MERCEDES-BENZ,CLS450
2023,JEEP,WAGONEER
2022,NISSAN,FRONTIER
2020,LAND ROVER,DISCOVERY SPORT
2019,PORSCHE,718 CAYMAN
2021,FORD,EXPEDITION
2019,IC BUS,PB105
2024,LAND ROVER,RANGE ROVER
2021,THOR MOTOR COACH,SEQUENCE
2024,FORD,TRANSIT
2022,MAZDA,CX-30
2020,WINNEBAGO,BOLDT
2021,FERRARI,F8 TRIBUTO
2021,COACHMEN,SPORTSCOACH
2024,GMC,SIERRA 3500
2020,COACHMEN,BEYOND
2019,DIAMOND COACH,VIP
2024,MAZDA,MAZDA3
2020,INFINITI,QX60
2022,TIFFIN,ALLEGRO
2020,HYUNDAI,VELOSTER
2022,MERCEDES-BENZ,AMG GLC43
2019,MASERATI,GHIBLI
2021,HOLIDAY RAMBLER,INVICTA
2019,MERCEDES-BENZ,G550
2020,DUCATI,SCRAMBLER
2023,LAND ROVER,DISCOVERY
2019,TRACKER MARINE,BASS TRACKER
2024,SUBARU,LEGACY
2021,CHEVROLET,BLAZER
2019,KTM,1290 SUPER ADVENTURE S
2019,JAYCO,PINNACLE
2020,BMW,K 1600 B
2019,FORD,F-53
2021,MITSUBISHI,MIRAGE
2020,THOR MOTOR COACH,AXIS
2019,CADILLAC,ESCALADE ESV
2024,MITSUBISHI,ECLIPSE CROSS
2019,FOREST RIVER,GEORGETOWN
2024,TOYOTA,COROLLA HYBRID
2022,YAMAHA,MTN890
2019,THOR,FOUR WINDS
2022,NISSAN,MURANO
2024,MAZDA,CX-30
2023,FORD,RANGER
2020,TRIUMPH,TIGER 900
2019,KEYSTONE,SPRINTER
2023,COACHMEN,FREELANDER
2019,DUCATI,MONSTER 1200
2020,INFINITI,Q60
2023,KIA,SELTOS
2019,HYUNDAI,IONIQ HYBRID
2022,WINNEBAGO,FORZA
2021,LAND ROVER,RANGE ROVER EVOQUE
2020,AUDI,A4
2022,SUBARU,BRZ
2024,LEXUS,UX250 HYBRID
2019,CHEVROLET,SILVERADO MEDIUM DUTY
2022,DUTCHMEN,YUKON
2022,FOREST RIVER,XLR TOYHAULER
2023,HONDA,GROM125
2022,CHEVROLET,CORVETTE
2022,TIFFIN,ALLEGRO OPEN ROAD
2022,LEXUS,NX350H
2024,RAM,1500
2020,MERCEDES-BENZ,AMG GT
2022,ALFA ROMEO,GIULIA
2019,HYUNDAI,TUCSON
2022,VOLKSWAGEN,TIGUAN
2023,THOR MOTOR COACH,TIBURON
2023,NISSAN,KICKS
2021,SUZUKI,GSX-R1000
2019,HONDA,CBR600RR
2019,PORSCHE,MACAN
2024,ACURA,MDX
2019,HARLEY-DAVIDSON,FLTRXS
2021,BUICK,ENCORE
2021,FOREST RIVER,FR3
2019,FREIGHTLINER,M2 BUSINESS CLASS
2019,RAM,1500
2020,BMW,530I
2023,VOLVO,V90CC
2020,KIA,SEDONA
2022,THOR MOTOR COACH,OMNI
2019,LEXUS,ES300H
2022,KEYSTONE,AVALANCHE
2023,SUBARU,SOLTERRA
2023,HONDA,CR-V HYBRID
2023,ACURA,MDX
2023,SUBARU,LEGACY
2021,THOR MOTOR COACH,AXIS
2021,BMW,R 1250 RT
2022,CHEVROLET,BOLT EUV
2020,ACURA,MDX
2020,LAND ROVER,RANGE ROVER
2020,KZRV,SPORTSMEN
2019,SUBARU,ASCENT
2021,GENESIS,G90
2022,GMC,SIERRA 1500
2019,WINNEBAGO,VIEW
2019,CAN-AM,SPYDER RT
2020,VOLVO,V90
2020,LAND ROVER,RANGE ROVER EVOQUE
2019,CHEVROLET,SILVERADO 3500
2019,HARLEY-DAVIDSON,FLHXS
2019,CHEVROLET,EQUINOX
2020,MERCEDES-BENZ,GLB200
2019,TOYOTA,86
2019,AUDI,RS3
2020,NISSAN,FRONTIER
2020,COACHMEN,PURSUIT
2023,VOLKSWAGEN,GOLF
2023,KIA,EV6
2023,VOLKSWAGEN,TIGUAN
2023,HARLEY-DAVIDSON,FLFBS
2021,LINCOLN,NAUTILUS
2021,AUDI,E-TRON
2020,AUDI,Q5
2019,HONDA,INSIGHT
2024,CADILLAC,LYRIQ
2019,GMC,SIERRA DENALI
2019,CHEVROLET,SUBURBAN
2023,ENTEGRA,REATTA XL
2022,JEEP,CHEROKEE
2022,GMC,CANYON
2023,ACURA,RDX
2022,CHRYSLER,PACIFICA
2021,MAZDA,MX-5
2019,CADILLAC,XT5
2023,AUDI,E-TRON
2019,VOLVO,VNL
2022,MERCEDES-BENZ,GLE450
2019,FOREST RIVER,SANDPIPER
2019,KTM,690 SMC R
2020,HOLIDAY HOUSE,18RB
2019,ITASCA,SUNSTAR
2020,SPARTAN,K2
2019,MERCEDES-BENZ,GLE400
2020,VOLKSWAGEN,GOLF
2023,BMW,X4
2024,AUDI,S3
2019,JAYCO,JAY FLIGHT SLX
2022,TOYOTA,PRIUS PRIME
2020,BMW,M340I
2023,HONDA,CIVIC TYPE-R
2022,DUTCHMEN,ASPEN TRAIL
2022,MERCEDES-BENZ,GLE350
2021,DUTCHMEN,COLEMAN
2019,CADILLAC,ESCALADE
2024,FORD,BRONCO SPORT
2019,AUDI,A4
2020,VOLVO,S60
2020,CHEVROLET,SILVERADO 1500
2021,BMW,X5 HYBRID
2022,THOR MOTOR COACH,TELLARO
2019,CROSSROADS,REDWOOD
2019,DUCATI,SCRAMBLER
2020,FOREST RIVER,SALEM
2020,LINCOLN,AVIATOR
2022,BMW,M4
2020,FOREST RIVER,SANDSTORM
2020,HONDA,GL1800
2020,GMC,SIERRA 2500
2020,JAYCO,JAYCO
2021,FOREST RIVER,SUNSEEKER
2021,ROADTREK,ZION SRT
2020,HYUNDAI,NEXO
2024,MINT TINY HOUSE,PARK USA
2023,ACURA,TLX TYPE S
2021,VANLEIGH,BEACON
2022,FORD,F-150
2021,KEYSTONE,KEYSTONE
2021,NISSAN,MURANO
2019,MERCEDES-BENZ,GLC350
2020,MERCEDES-BENZ,GLE450
2020,MERCEDES-BENZ,GLE350
2021,WINNEBAGO,ADVENTURER
2023,AUDI,E-TRON GT
2021,LEXUS,ES300H
2020,CAN-AM,SPYDER RT
2023,BMW,X7
2022,GULF STREAM,VINTAGE CRUISER
2023,FORD,F-150
2022,VOLVO,V60CC
2021,AUDI,RS Q8
2022,TOYOTA,TUNDRA
2021,KIA,SORENTO HYBRID
2020,HONDA,FIT
2019,FCCC,S2RV
2021,KEYSTONE,BULLET
2020,BUICK,ENCORE GX
2022,ACURA,TLX
2020,FOREST RIVER,SABRE
2020,VANDERHALL,CARMEL
2022,THOR MOTOR COACH,WINDSPORT
2019,CRUISE CAR,MOKE
2020,PORSCHE,MACAN
2021,SONDORS,METACYCLE
2020,TOYOTA,YARIS
2022,NISSAN,PATHFINDER
2020,TIFFIN,ALLEGRO RED
2024,HYUNDAI,VENUE
2022,FORD,ESCAPE
2019,MINI,COUNTRYMAN
2022,EAST TO WEST,DELLA TERRA
2021,ALINER,CAMPER TRAILER
2023,KAWASAKI,ZX400
2022,HARLEY-DAVIDSON,RH1250S
2020,BMW,X2
2019,VOLKSWAGEN,ATLAS
2023,KIA,FORTE
2023,HYUNDAI,SANTA FE PLUG-IN HYBRID
2020,HARLEY-DAVIDSON,FLHX
2021,MERCEDES-BENZ,G550
2022,BMW,X4
2022,NISSAN,TITAN
2020,KENWORTH,T680
2024,TESLA,SEMI
2020,LAND ROVER,DISCOVERY
2019,WINNEBAGO,VISTA
2022,MERCEDES-BENZ,MAYBACH S580
2020,HARLEY-DAVIDSON,FLDE
2020,HONDA,PILOT
2019,RAM,3500
2023,CHEVROLET,SILVERADO 2500
2021,VOLKSWAGEN,ARTEON
2020,COACHMEN,VIKING
2019,SPARTAN TOOL,WARRIOR
2020,HYUNDAI,IONIQ PLUG-IN HYBRID
2020,FORD,F-59
2019,GMC,SIERRA 1500
2022,CADILLAC,XT6
2023,OPEN RANGE,25TH
2019,WINNEBAGO,TREND
2021,MERCEDES-BENZ,SPRINTER 3500
2023,BMW,M550I
2020,RAM,3500
2022,FLEETWOOD,FRONTIER
2021,CHEVROLET,SILVERADO 1500
2024,THOR MOTOR COACH,FREEDOM ELITE
2020,KZRV,SPORTSTER
2023,SUBARU,OUTBACK
2019,TIFFIN,BREEZE
2019,FOREST RIVER,WORK AND PLAY
2020,INFINITI,QX80
2019,SUBARU,LEGACY
2019,NISSAN,NV3500
2021,AIRSTREAM,FLYING CLOUD
2022,ENTEGRA,ACCOLADE
2019,LANCE CAMPER,TRUCK CAMPER (1172)
2022,HONDA,CT125
2020,HYUNDAI,ELANTRA GT
2022,LEXUS,ES
2020,BMW,330I
2024,GMC,HUMMER EV
2021,CHRYSLER,VOYAGER
2023,FORD,EXPLORER
2023,JUST TRAILERS,JUST TRAILERS
2022,PORSCHE,CAYMAN
2023,YAMAHA,MTN890
2021,JAYCO,JAY FLIGHT SLX
2021,HONDA,REBEL 1100
2019,KZRV,SPORTSMEN
2019,TRIUMPH,SPEED TWIN
2020,MERCEDES-BENZ,E350
2020,BLACKSERIES CAMPERS,ALPHA
2022,HYUNDAI,ACCENT
2023,INTERNATIONAL,LT
2023,FORD,F-250 SD
2022,MERCEDES-BENZ,SPRINTER 2500
2019,MINI,COOPER S
2023,HEARTLAND,BIGHORN
2024,TOYOTA,COROLLA
2022,AUDI,E-TRON
2023,BENTLEY,CONTINENTAL GT
2021,LEXUS,UX250 HYBRID
2020,AMERICAN COACH,AMERICAN EAGLE
2024,AUDI,Q4
2023,GMC,TERRAIN
2020,VOLKSWAGEN,TIGUAN
2023,KIA,SPORTAGE
2019,HYUNDAI,IONIQ ELECTRIC
2024,FORD,EXPLORER
2024,HYUNDAI,PALISADE
2019,MERCEDES-BENZ,GLS450
2019,TOYOTA,HIGHLANDER
2019,CHEVROLET,SILVERADO 5500HD
2024,HONDA,GL1800
2019,GMC,SIERRA 3500
2023,GRAND DESIGN,MOMENTUM
2022,BMW,X5
2022,THOR MOTOR COACH,FREEDOM TRAVELER
2019,NISSAN,NV
2021,HYUNDAI,VENUE
2019,BMW,640I
2020,TOYOTA,SEQUOIA
2021,TOYOTA,COROLLA
2020,KEYSTONE,ATLAS
2019,AUDI,Q3
2022,SUBARU,WRX
2019,TOYOTA,SIENNA
2023,FORD,MAVERICK
2020,TOYOTA,SUPRA
2024,TOYOTA,VENZA
2021,SUBARU,LEGACY
2021,ENTEGRA,VISION
2021,FLEETWOOD,DISCOVERY
2019,GMC,SIERRA 2500
2024,TOYOTA,HIGHLANDER
2022,NISSAN,LEAF
2020,FORD,ESCAPE HYBRID
2023,TOMAHAWK,TOMAHAWK
2019,CAN-AM,SPYDER F3
2024,CHEVROLET,EQUINOX
2021,FOREST RIVER,SABRE
2020,LAND ROVER,RANGE ROVER VELAR
2021,PJ TRAILERS,UC
2022,BMW,R 1250 GS
2021,FORD,TRANSIT
2022,TOYOTA,COROLLA HATCHBACK
2024,POLESTAR,POLESTAR 2
2022,CHEVROLET,BOLT EV
2020,LEXUS,LX
2023,RAM,1500
2022,HEARTLAND,ROAD WARRIOR
2024,GMC,TERRAIN
2019,INDIAN,CHIEFTAIN
2019,JEEP,COMPASS
2023,CHEVROLET,EQUINOX
2019,HARLEY-DAVIDSON,FLHR
2021,HONDA,CR-V
2022,JAYCO,EAGLE
2020,MERCEDES-BENZ,SPRINTER 3500
2020,BUICK,ENVISION
2021,MERCEDES-BENZ,AMG GLA45
2021,KARAVAN,BOAT TRAILER
2021,FOREST RIVER,CRUSADER
2019,FORD,FUSION
2021,CHEVROLET,CORVETTE
2019,MERCEDES-BENZ,AMG GLA45
2022,FORD,BRONCO
2022,HONDA,ACCORD HYBRID
2020,NEWMAR,BAY STAR
2022,CHEVROLET,TAHOE
2019,INDIAN,SPRINGFIELD DARK HORSE
2022,HONDA,CMX1100
2019,MERCEDES-BENZ,AMG GLE63
2022,KIA,NIRO PHEV
2021,FORD,F-350 SD
2024,INTERSTATE WEST,INTERSTATE WEST
2023,TOYOTA,SIENNA
2022,PORSCHE,911
2020,MERCEDES-BENZ,S560
2023,PORSCHE,718 CAYMAN
2022,THOR MOTOR COACH,MIRAMAR
2023,TESLA,MODEL Y
2024,BMW,IX
2020,JAGUAR,F-TYPE
2019,INTERNATIONAL,LONESTAR
2019,MERCEDES-BENZ,C300
2021,PORSCHE,PANAMERA
2022,MERCEDES-BENZ,AMG EQS
2025,HONDA,RIDGELINE
2019,DUCATI,MONSTER 821
2021,JEEP,GLADIATOR
2019,FOREST RIVER,VIBE
2022,HONDA,GROM125
2022,MAZDA,MAZDA3
2020,FORD,FUSION ENERGI
2022,GENESIS,G70
2022,MERCEDES-BENZ,GLB250
2023,BLUE BIRD,BBCV
2020,CADILLAC,ESCALADE
2023,MERCEDES-BENZ,SPRINTER 2500
2022,GMC,SIERRA 3500
2020,KTM,790 ADVENTURE
2021,TESLA,MODEL 3
2021,FCCC,S2RV
2021,TOYOTA,PRIUS
2019,HARLEY-DAVIDSON,FLHT
2021,GMC,YUKON XL
2019,CHEVROLET,3500
2019,LEXUS,UX200
2023,NISSAN,ARIYA
2019,HYUNDAI,SONATA
2022,CAN-AM,SPYDER RT
2021,TOYOTA,VENZA
2021,CAN-AM,SPYDER RT
2022,KEYSTONE,ARCADIA
2021,FREIGHTLINER,SPRINTER 3500
2021,TOYOTA,AVALON HYBRID
2020,BMW,540I
2023,SUBARU,WRX
2020,INTERNATIONAL,HV
2020,SUBARU,LEGACY
2020,FORD,EXPEDITION
2021,LEXUS,GX
2021,HYUNDAI,PALISADE
2020,AUDI,Q5 E
2020,KEYSTONE,COUGAR
2022,CHEVROLET,3500
2020,KZRV,CAMPLITE
2023,MERCEDES-BENZ,E350
2023,HARLEY-DAVIDSON,FXBBS
2022,LAND ROVER,RANGE ROVER VELAR
2020,SUBARU,FORESTER
2021,NISSAN,ARMADA
2019,THOR MOTOR COACH,AXIS
2024,MAZDA,CX-5
2022,KAWASAKI,KLX230
2020,GRAND DESIGN,REFLECTION
2021,MAZDA,MAZDA6
2024,JEEP,WRANGLER
2024,FORD,MAVERICK
2020,YAMAHA,YZF-R1
2020,HYUNDAI,ACCENT
2021,INFINITI,Q60
2021,HOLIDAY HOUSE,24TB
2022,KTM,390 ADVENTURE
2024,IC BUS,PB105
2020,FLEETWOOD,FORTIS
2019,CHEVROLET,BOLT EV
2021,JAYCO,ALANTE
2020,PORSCHE,CAYENNE S
2020,ENTEGRA,QWEST
2020,FOREST RIVER,SUNSHINE
2021,HONDA,CIVIC TYPE-R
2021,LEXUS,ES
2020,CHEVROLET,SILVERADO 3500
2020,LEXUS,NX
2021,HONDA,CRF1100
2023,LAND ROVER,RANGE ROVER EVOQUE
2022,HONDA,CIVIC SI
2022,GENUINE SCOOTER,URBANO 50I
2024,CHEVROLET,SILVERADO 3500
2019,LANCE,TRAVEL TRAILER
2019,TRIUMPH,THRUXTON
2021,HOLMES ENTERPRISES,CAR HAULER
2019,JEEP,WRANGLER
2020,NEWMAR,DUTCH STAR
2022,FORD,EXPLORER
2020,MERCEDES-BENZ,GLE350 E
2019,MIDWEST AUTOMOTIVE DESIGN,WEEKENDER
2019,FORD,EDGE
2019,KAWASAKI,NINJA
2021,ALUMA,ALUMA
2024,KIA,EV9
2020,MERCEDES-BENZ,AMG GLC63
2023,BUICK,ENVISION
2020,JAGUAR,E-PACE
2020,JAYCO,ALANTE
2022,FOREST RIVER,IBEX
2020,TRIUMPH,SPEED TRIPLE
2022,HARLEY-DAVIDSON,RA1250
2022,FOREST RIVER,GEORGETOWN
2019,BMW,K1600B
2019,SUBARU,WRX
2023,TOYOTA,COROLLA
2021,GMC,TERRAIN
2019,LAND ROVER,RANGE ROVER VELAR
2023,BUICK,ENCLAVE
2023,THOR MOTOR COACH,SCOPE
2022,HONDA,PASSPORT
2021,CHEVROLET,BOLT EV
2021,TOYOTA,AVALON
2021,MOTO GUZZI,V85 TT
2023,MERCEDES-BENZ,GLE450
2021,DYNAMAX,ISATA
2020,DUCATI,MULTISTRADA
2019,VOLKSWAGEN,GTI
2020,WINNEBAGO,REVEL
2024,FOREST RIVER,CHEROKEE WOLF PUP
2022,HYUNDAI,PALISADE
2021,HONDA,ODYSSEY
2020,JAYCO,EAGLE
2023,FREIGHTLINER,CASCADIA
2021,VOLVO,V60CC
2019,BMW,K 1600 GT
2022,SUBARU,CROSSTREK
2019,FLEETWOOD,PACE ARROW LXE
2021,CONTINENTAL CARGO,V-SERIES
2022,AUDI,RS E-TRON GT
2024,TOYOTA,GRAND HIGHLANDER
2020,FORD,F-53
2020,INFINITI,QX50
2022,VOLVO,XC40
2020,LEXUS,UX250 HYBRID
2024,CADILLAC,XT4
2020,VOLVO,V90CC
2024,PORSCHE,TAYCAN
2021,WINNEBAGO,NAVION
2024,SUBARU,ASCENT
2019,MERCEDES-BENZ,GLC63
2021,LANCE,200I
2022,LOAD TRAIL,S-TRLR
2019,VOLKSWAGEN,GOLF
2023,HONDA,ODYSSEY
2019,HARLEY-DAVIDSON,FLTRU
2022,MERCEDES-BENZ,AMG GLB35
2020,AUDI,Q3
2023,FLEETWOOD,BOUNDER
2022,HONDA,RIDGELINE
2020,BUICK,ENCLAVE
2022,HONDA,PILOT
2019,HONDA,HR-V
2023,KIA,RIO
2019,BMW,F850GS
2021,MERCEDES-BENZ,GLS450
2019,TRIUMPH,SPEED TRIPLE S
2023,KIA,NIRO
2019,LGS INDUSTRIES,LOOK
2022,BMW,X7
2020,BLACKSERIES CAMPERS,DOMINATOR
2022,THOR MOTOR COACH,ARIA
2019,HYUNDAI,ELANTRA GT
2021,TOYOTA,TUNDRA
2022,GENESIS,GV80
2019,CADILLAC,SRX
2022,RAM,2500
2020,BMW,R 1250 RT
2022,CHEVROLET,SILVERADO 3500
2020,TOYOTA,PRIUS
2021,TESLA,MODEL X
2019,JAYCO,GREYHAWK
2022,KTM,690 ENDURO R
2020,CADILLAC,ESCALADE ESV
2020,CHEVROLET,SPARK
2019,WINNEBAGO,FORZA
2020,PETERBILT,520
2021,TOYOTA,TACOMA
2022,DUCATI,MULTISTRADA
2019,KIA,SORENTO
2020,DODGE,GRAND CARAVAN
2021,CHEVROLET,ONIX
2019,HME,RAM 5500
2021,PALOMINO,PUMA
2024,MINI,COOPER
2019,FOREST RIVER,SABRE
2019,KEYSTONE,BULLET
2024,TOYOTA,RAV4
2020,BMW,X5
2023,KAWASAKI,KLR650
2022,INDIAN,SCOUT BOBBER
2019,BUICK,LACROSSE
2022,TRIUMPH,SPEED TRIPLE RR
2020,MERCEDES-BENZ,AMG GLC43
2023,GRAND DESIGN,IMAGINE
2020,CHEVROLET,EQUINOX
2021,BMW,M340I
2019,DUCATI,SUPERSPORT
2021,FORD,MUSTANG MACH E
2020,MACK,PINNACLE (CHU)
2021,TOYOTA,CAMRY
2020,BUICK,ENCORE
2023,NORSTAR,TRAILER
2022,MERCEDES-BENZ,E350
2022,MERCEDES-BENZ,CLS450
2020,JAYCO,NORTHPOINT
2020,JAYCO,JAY FLIGHT SLX
2019,HONDA,Z125M
2020,VOLVO,XC90
2023,CHEVROLET,BLAZER
2021,AUDI,SQ5
2019,ENTEGRA,VISION
2019,VANDERHALL,VENICE SPEEDSTER
2020,RENEGADE,VERONA
2020,HONDA,CBF300
2022,TOYOTA,RAV4
2019,AUDI,Q7
2021,NEWMAR,BAY STAR
2024,INEOS,GRENADIER
2019,DUCATI,HYPERMOTARD
2019,FIAT,500X
2019,LINCOLN,CONTINENTAL
2020,AIRSTREAM,FLYING CLOUD
2021,INDIAN,SCOUT BOBBER
2022,MAZDA,CX-5
2022,YAMAHA,MTM890
2020,COACHMEN,LEPRECHAUN
2020,SUBARU,IMPREZA
2021,FORD,F-750
2019,TOYOTA,RAV4
2019,LEXUS,IS 350
2023,FORD,BRONCO SPORT
2023,HYUNDAI,ELANTRA N
2021,JEEP,CHEROKEE
2019,LAND ROVER,DISCOVERY SPORT
2019,ACURA,ILX
2019,AIRSTREAM,FLYING CLOUD
2022,AUDI,Q4
2021,THOR MOTOR COACH,DELANO
2021,NISSAN,NV
2021,VOLKSWAGEN,JETTA
2020,AUDI,RS3
2019,ROYAL ENFIELD,HIMALAYAN
2021,JAYCO,EAGLE HT
2023,HARLEY-DAVIDSON,RA1250
2024,MERCEDES-BENZ,C300
2020,HEARTLAND,CYCLONE
2019,HEARTLAND,SUNDANCE
2019,VOLKSWAGEN,GOLF SPORTWAGEN
2020,RENEGADE RV,VALENCIA
2021,FORD,F53
2019,DRV,ALL ALUMINUM
2019,AIRSTREAM,TOMMY BAHAMA
2021,KTM,890 ADVENTURE
2021,KEYSTONE,HIDEOUT
2022,GRAND DESIGN,MOMENTUM
2021,NISSAN,ALTIMA
2023,AUDI,Q7
2019,RENEGADE,VALENCIA
2019,NEWMAR,DUTCH STAR
2022,INDIAN,CHIEF
2019,GRAND DESIGN,REFLECTION
2019,FOREST RIVER,SURVEYOR
2019,INDIAN,ROADMASTER ELITE
2022,JEEP,GLADIATOR
2019,THOR MOTOR COACH,CHALLENGER
2021,ENTEGRA,ODYSSEY
2023,LAND ROVER,DEFENDER
2019,SPARTAN,K2
2021,AUDI,A6 ALLROAD
2020,VOLVO,V60CC
2020,DUTCHMEN,ASTORIA
2023,AIRSTREAM,INTERNATIONAL
2022,LINCOLN,CORSAIR
2019,LINCOLN,MKC
2021,HOLIDAY RAMBLER,VACATIONER
2020,FOREST RIVER,CHEROKEE
2021,CHEVROLET,CAMARO
2020,TOYOTA,TUNDRA
2023,MACK,GRANITE (GR)
2020,HOLIDAY RAMBLER,INVICTA
2023,KIA,CARNIVAL
2021,INFINITI,Q50
2020,AUDI,S4
2020,EZ LOADER,T102
2021,MERCEDES-BENZ,AMG GLS63
2021,BMW,330E
2021,COACHMEN,APEX
2021,CADILLAC,XT5
2023,DUCATI,DESERT X
2023,TOYOTA,CAMRY
2022,THOR MOTOR COACH,DELANO
2022,FOREST RIVER,ROCKWOOD
2021,FORD,F-650 SD
2023,SUZUKI,VZR1800
2021,MINI,COOPER
2022,AUDI,A4
2021,HONDA,CMX500
2020,LAND ROVER,DEFENDER
2020,BMW,X6
2019,FORD,F-150
2020,MERCEDES-BENZ,E450
2021,MAZDA,CX-9
2024,CHEVROLET,BLAZER EV
2021,AUDI,A7
2024,CHEVROLET,SILVERADO 2500
2024,GENESIS,GV70
2022,RIVIAN,R1S
2024,VOLKSWAGEN,ATLAS CROSS SPORT
2019,TOYOTA,SEQUOIA
2019,POLARIS,RANGER 900
2022,HONDA,ODYSSEY
2022,HONDA,CMX500
2023,KIA,SOUL
2019,BUICK,ENCORE
2022,FOREST RIVER,AVENGER
2019,TOYOTA,YARIS
2021,AUDI,Q8
2022,FOREST RIVER,COLUMBUS
2023,MAZDA,CX-30
2019,THOMAS BUILT BUSES,SAF-T-LINER HDX
2023,MAZDA,CX-5
2021,LINCOLN,CORSAIR
2020,AUDI,A8
2022,RAM,PROMASTER
2023,PORSCHE,911
2019,NISSAN,370Z
2024,VOLVO,XC60
2024,HONDA,ACCORD
2020,HYUNDAI,TUCSON
2019,CHEVROLET,5500HD
2019,AUDI,E-TRON
2023,TOYOTA,VENZA
2021,HONDA,CRF1100 AFRICA TWIN
2019,HARLEY-DAVIDSON,FXFBS
2023,JAYCO,EAGLE
2021,BENTLEY,CONTINENTAL GT
2022,FORD,F-250
2022,MITSUBISHI,MIRAGE G4
2020,TAOTAO,LANCER 150
2021,LEXUS,LC500
2019,FORD,FIESTA
2023,FOREST RIVER,ROCKWOOD
2023,HYUNDAI,KONA
2020,FORD,FUSION
2022,JAGUAR,I-PACE
2019,INTERNATIONAL,CV
2023,INFINITI,QX55
2019,AUDI,RS5
2020,MERCEDES-BENZ,AMG GLC63 S
2021,AUDI,S4
2021,MV AGUSTA,F1
2023,TIFFIN,ALLEGRO
2023,MAZDA,CX-50
2020,ALFA ROMEO,GIULIA
2019,MERCEDES-BENZ,AMG G63
2020,INTERNATIONAL,CV
2019,COACHMEN,FREEDOM EXPRESS
2020,BMW,430I
2020,LAND ROVER,RANGE ROVER SPORT
2023,MINI,COOPER
2022,CHEVROLET,4500
2020,FORD,TRANSIT
2019,CHEVROLET,TRAVERSE
2024,SPARTAN,K3
2020,JEEP,WRANGLER
2024,CHEVROLET,TRAILBLAZER
2021,HONDA,CMX1100
2021,HONDA,ACCORD
2020,HARLEY-DAVIDSON,FXBB
2021,FOREST RIVER,SURVEYOR
2022,HYUNDAI,KONA N
2020,GENESIS,G80
2024,HONDA,HR-V
2023,BMW,I4
2019,ACURA,MDX
2022,WINNEBAGO,TRAVATO
2021,FORD,F-450 SD
2019,HONDA,RIDGELINE
2020,KTM,790 ADVENTURE R RALLY
2022,TIFFIN,PHAETON
2022,NEWMAR,KOUNTRY STAR
2020,CHRYSLER,PACIFICA HYBRID
2023,VOLKSWAGEN,ATLAS
2019,TIFFIN,BUS
2020,KTM,690 SMC R
2020,ENTEGRA,CORNERSTONE
2019,HEARTLAND,TRAIL RUNNER
2022,TOYOTA,SIENNA
2020,FOREST RIVER,SANDPIPER
2020,NISSAN,MURANO
2019,JAYCO,JAY FLIGHT
2022,LAND ROVER,DEFENDER
2022,HYUNDAI,VELOSTER
2020,INFINITI,Q50
2021,HARLEY-DAVIDSON,FLSB
2019,THOR MOTOR COACH,ARIA
2021,CHRYSLER,PACIFICA HYBRID
2022,RAM,4500
2021,BMW,S 1000 XR
2021,FOREST RIVER,CEDAR CREEK
2023,MITSUBISHI,ECLIPSE CROSS
2024,LEXUS,NX
2021,MERCEDES-BENZ,CLS450
2022,NISSAN,ROGUE
2022,BMW,M340I
2022,HONDA,INSIGHT
2019,CHEVROLET,CORVETTE
2021,AUDI,Q7
2023,TOYOTA,MIRAI
2022,LEXUS,UX HYBRID
2021,KTM,890 ADVENTURE R RALLY
2019,HYUNDAI,ELANTRA
2022,TOYOTA,CAMRY HYBRID
2022,RAM,3500
2024,TOYOTA,PRIUS
2023,HONDA,PILOT
2023,MINI,COUNTRYMAN
2020,MERCEDES-BENZ,SL450
2021,TIFFIN,WAYFARER
2022,WESTERN STAR,49X
2023,VOLVO,VNL
2020,FORD,EXPLORER
2021,TOYOTA,SUPRA
2023,BMW,X1
2023,CHEVROLET,MALIBU
2022,FOREST RIVER,SUNSEEKER
2021,JAGUAR,F-PACE
2021,GRAND DESIGN,SOLITUDE
2021,VOLKSWAGEN,ATLAS CROSS SPORT
2023,HONDA,CMX1100
2020,THOR,WINDSPORT
2019,CHEVROLET,SILVERADO 1500
2019,CADILLAC,CT6
2021,BMW,F 850 GS
2022,THOR MOTOR COACH,PALAZZO
2022,TOYOTA,COROLLA CROSS
2023,HONDA,CIVIC
2024,LINCOLN,NAUTILUS
2019,MERCEDES-BENZ,S560
2019,KIA,SPORTAGE
2024,CHEVROLET,BLAZER
2021,HONDA,ACCORD HYBRID
2022,ACURA,MDX TYPE S
2019,FORD,RANGER
2019,AUDI,S5
2022,WINNEBAGO,MINNIE WINNIE
2022,AUDI,RS Q8
2021,CARRY-ON,ENCLOSED CARGO TRAILER
2019,HARLEY-DAVIDSON,FLHTCUTG
2021,NISSAN,LEAF
2019,KEYSTONE,MONTANA HIGH COUNTRY
2019,HEARTLAND,FUEL
2022,LAND ROVER,RANGE ROVER SPORT
2021,LEXUS,NX
2020,ENTEGRA,ASPIRE
2019,DODGE,DURANGO
2022,MERCEDES-BENZ,EQB350
2023,HAUL-ABOUT,HAUL-ABOUT
2019,HONDA,CIVIC
2023,INDIAN,SCOUT BOBBER
2022,KIA,SORENTO
2023,IC BUS,PB105
2024,BMW,I5
2021,THOR MOTOR COACH,ARIA
2021,VOLKSWAGEN,ID.4
2021,VOLKSWAGEN,TIGUAN
2021,FOREST RIVER,BERKSHIRE
2023,FORD,F-350 SD
2022,TESLA,MODEL X
2022,AUDI,S3
2020,HARLEY-DAVIDSON,FLTRX
2021,HYUNDAI,ELANTRA HEV
2021,FOREST RIVER,FORESTER
2022,FREIGHTLINER,CASCADIA
2022,JAYCO,SENECA
2023,MERCEDES-BENZ,GLC300
2024,NISSAN,ALTIMA
2021,BLUE BIRD,VISION
2023,ENTEGRA,VISION XL
2020,VOLVO,XC40
2019,MERCEDES-BENZ,GLE350
2020,VOLKSWAGEN,ATLAS
2021,KEYSTONE,AVALANCHE
2019,HYMER,CARADO BANFF
2023,HYUNDAI,ELANTRA
2021,CHEVROLET,SILVERADO 6500HD
2023,VOLVO,XC60
2023,PORSCHE,TAYCAN
2021,ELECTRAMECCANICA,SOLO G3
2022,CHEVROLET,EQUINOX
2022,JEEP,GRAND CHEROKEE 4XE
2023,FOREST RIVER,WILDWOOD
2023,CAN-AM,SPYDER F3
2024,KIA,SELTOS
2019,RAM,PROMASTER
2020,LAKOTA,BIGHORN
2022,CADILLAC,CT4
2020,MERCEDES-BENZ,G550
2020,FOREST RIVER,CEDAR CREEK
2023,NEWMAR,BAY STAR
2019,FORD,TAURUS
2021,KIA,FORTE
2019,KIA,SOUL EV
2022,KAWASAKI,KLR650
2022,TOYOTA,SEQUOIA
2019,MITSUBISHI,OUTLANDER PHEV
2022,BMW,228I
2024,DODGE,HORNET
2021,JAYCO,SENECA
2019,FORD,F-750 SD
2019,CHEVROLET,VOLT
2019,TOYOTA,CAMRY
2020,KIA,OPTIMA
2020,KEYSTONE,SPRINTER
2021,TIFFIN,ALLEGRO BREEZE
2022,BMW,330E
2021,AUDI,A8
2023,JEEP,GRAND WAGONEER
2022,TRIUMPH,TIGER 1200 GT
2023,DODGE,DURANGO
2021,INDIAN,ROADMASTER
2019,HYUNDAI,IONIQ PLUG-IN HYBRID
2022,MERCEDES-BENZ,AMG C43
2022,FORD,MAVERICK
2023,RAM,3500
2021,HYUNDAI,TUCSON
2022,KEYSTONE,FUZION
2021,GMC,SIERRA 3500
2019,KIA,CADENZA
2019,TOYOTA,TACOMA
2023,LEXUS,RX450H
2020,UTILITY,4000D-X COMPOSITE
2022,VOLKSWAGEN,ID.4
2021,THOR MOTOR COACH,OMNI
2023,GRAND DESIGN,REFLECTION
2020,NEWMAR,NEW AIRE
2023,CHEVROLET,SILVERADO 1500
2022,FOREST RIVER,SUNSHINE
2020,DRV,ALL ALUMINUM
2023,HYUNDAI,KONA N
2020,HARLEY-DAVIDSON,XL883N
2021,PLEASANT VALLEY,TEARDROP TRAILER
2023,HYUNDAI,SONATA
2023,POLESTAR,POLESTAR 2
2023,ROYAL ENFIELD,INT 650
2020,LANCE,TRAVEL TRAILER
2019,RAM,5500
2019,INFINITI,QX60
2020,VOLKSWAGEN,JETTA
2023,BMW,IX
2019,DRV,MOBILE SUITE
2019,LEXUS,RX450H
2020,FOREST RIVER,XLR TOYHAULER
2019,KIA,K900
2023,PORSCHE,PANAMERA
2021,LINCOLN,AVIATOR
2020,KEYSTONE,FUZION
2022,LEXUS,IS
2019,FOREST RIVER,FLAGSTAFF
2024,FORD,EXPEDITION
2021,MERCEDES-BENZ,AMG G63
2022,FOREST RIVER,CHEROKEE
2023,TOYOTA,TUNDRA HYBRID
2020,TIFFIN,WAYFARER
2020,HEARTLAND,TRAIL RUNNER
2021,GMC,ACADIA
2020,VOLVO,V60
2024,TOYOTA,SEQUOIA HYBRID
2020,AUDI,S5
2019,BMW,X2
2019,TOYOTA,TUNDRA
2022,GMC,SIERRA 2500
2024,LEXUS,RX
2020,FORD,MUSTANG
2020,AUDI,A3
2020,WINNEBAGO,VIEW
2022,TESLA,MODEL 3
2022,JEEP,GRAND CHEROKEE
2021,INTERSTATE,TRAILER
2022,CHEVROLET,TRAILBLAZER
2020,HONDA,RIDGELINE
2021,HONDA,HR-V
2021,FOREST RIVER,R-POD
2022,VANDERHALL,VENICE
2022,FOREST RIVER,XLR
2022,MITSUBISHI,OUTLANDER SPORT
2020,NISSAN,ROGUE SPORT
2023,THOR MOTOR COACH,RIZE
2024,BMW,750E
2020,HARLEY-DAVIDSON,FLHXSE
2023,KEYSTONE,MONTANA
2023,RAM,PROMASTER
2022,TOYOTA,VENZA
2023,PJ TRAILERS,LD
2023,FISKER,OCEAN
2023,KIA,SORENTO
2019,AUDI,A6
2019,FOREST RIVER,XLR
2020,TOYOTA,PRIUS PRIME
2022,CHEVROLET,SILVERADO 1500
2020,BMW,S1000 RR
2024,HYUNDAI,SANTA FE
2020,THOR MOTOR COACH,PALAZZO
2023,NISSAN,TITAN
2019,RIVERSIDE,TRAVEL TRAILER
2019,ALCOM,ALCOM
2022,COACHMEN,APEX
2022,NISSAN,KICKS
2022,ALLIANCE RV,AVENUE
2019,TOYOTA,HIGHLANDER HYBRID
2023,DODGE,DURANGO1
2024,JAYCO,EAGLE
2021,BMW,X5
2020,GMC,ACADIA
2022,HONDA,ADV150
2021,POLARIS,SLINGSHOT
2021,ALFA ROMEO,STELVIO
2020,TRIPLE E,UNITY
2022,NISSAN,ROGUE SPORT
2019,FOREST RIVER,SUNSEEKER
2023,WINNEBAGO,VIEW
2024,LEXUS,IS
2021,ALLIANCE RV,PARADIGM
2023,VOLVO,XC40
2020,BMW,S 1000 RR
2020,RAM,4500
2021,GRAND DESIGN,TRANSCEND
2020,MAZDA,CX-5
2024,FORD,BRONCO
2022,CROSSROADS,ZINGER
2021,THOR MOTOR COACH,RIZE
2022,KIA,EV6
2023,INFINITI,Q50
2019,MITSUBISHI,MIRAGE G4
2024,VOLKSWAGEN,GTI
2023,CADILLAC,XT5
2020,HYUNDAI,ELANTRA
2020,LIVEWIRE,LIVEWIRE
2021,KEYSTONE,ALPINE
2023,FORD,MUSTANG MACH E
2022,GRAND DESIGN,SOLITUDE
2019,BMW,R 1250 GS ADVENTURE
2019,NISSAN,VERSA NOTE
2019,LEXUS,NX300
2019,CRUISER RV,SHADOW CRUISER
2022,BMW,K 1600 B
2021,CHEVROLET,TAHOE
2023,AMERICAN COACH,AMERICAN TRADITION
2020,MERCEDES-BENZ,SPRINTER (VS30)
2024,CADILLAC,XT6
2021,CHRYSLER,300
2020,TOYOTA,RAV4 HYBRID
2022,KARAVAN,BOAT TRAILER
2022,HYUNDAI,ELANTRA
2020,HARLEY-DAVIDSON,FLTRK
2024,HYUNDAI,IONIQ 5
2022,INDIAN,FTR1200
2019,HARLEY-DAVIDSON,FLTRX
2021,KIA,SEDONA
2019,JAYCO,REDHAWK
2024,CADILLAC,CT4
2023,TOYOTA,SEQUOIA
2022,MERCEDES-BENZ,AMG CLA35
2023,LEXUS,ES350
2024,KIA,FORTE
2021,FORD,E-450
2021,KIA,SORENTO
2020,AUDI,A6
2020,MERCEDES-BENZ,AMG E63S
2024,HONDA,PILOT
2021,KIA,SOUL
2019,DUTCHMEN,COLEMAN
2022,PETERBILT,579
2022,JAGUAR,F-PACE
2023,BMW,340I
2024,HONDA,ODYSSEY
2019,PRIME TIME,NAVI
2021,PIAGGIO,VESPA GTS 300
2024,MERCEDES-BENZ,AMG GLE53
2022,DODGE,CHARGER
2023,VOLVO,V60CC
2021,TRIUMPH,STREET TRIPLE R
2020,CHEVROLET,TRAVERSE
2020,VOLVO,VNL
2021,ENTEGRA,ESTEEM
2023,TOYOTA,CROWN
2020,MAZDA,MAZDA3
2023,LEXUS,UX HYBRID
2019,COACHMEN,LEPRECHAUN
2019,FORD,FUSION ENERGI
2020,COACHMEN,PRISM
2021,ACURA,RDX
2021,TRIUMPH,ROCKET 3 GT
2019,TIFFIN,ALLEGRO RED
2021,HARLEY-DAVIDSON,XL883N
2019,VOLKSWAGEN,GOLF R
2021,FOREST RIVER,IBEX
2019,DUCATI,MULTISTRADA
2019,HARLEY-DAVIDSON,XG500
2022,HIGHLAND RIDGE,OPEN RANGE ROAMER
2022,BMW,840I
2020,KEYSTONE,IMPACT
2020,FREIGHTLINER,SPRINTER 2500
2024,NISSAN,PATHFINDER
2023,MERCEDES-BENZ,EQS450+
2020,JEEP,GRAND CHEROKEE
2021,PJ TRAILERS,DE
2019,CHEVROLET,MALIBU HYBRID
2022,COACH HOUSE,PLATINUM
2020,CHEVROLET,EXPRESS
2021,JAYCO,JAY FLIGHT
2022,MERCEDES-BENZ,EQS 450+
2023,BMW,F 850 GS
2021,MERCEDES-BENZ,S580
2021,KEYSTONE,FUZION
2021,AUDI,RS6
2019,CADILLAC,ATS
2020,AIRSTREAM,BAMBI
2021,KEYSTONE,MONTANA
2022,THOR MOTOR COACH,VEGAS
2022,THOR MOTOR COACH,SEQUENCE
2022,FOREST RIVER,R-POD
2024,MAZDA,CX-50
2022,TRIUMPH,TRIDENT
2019,LEXUS,GX
2020,LINCOLN,NAUTILUS
2022,ACURA,ILX
2019,BMW,530E
2022,KIA,SORENTO PHEV
2020,MITSUBISHI,ECLIPSE CROSS
2021,BMW,540I
2019,JAGUAR,I-PACE
2023,TOYOTA,GR COROLLA
2019,FREEDOM TRAILERS,FREEDOM TRAILERS
2021,HARLEY-DAVIDSON,FLHTK
2023,NISSAN,TITAN XD
2019,KTM,1290 SUPER DUKE R
2023,MERCEDES-BENZ,AMG EQS
2019,TOYOTA,PRIUS PRIME
2021,APRILIA,TUONO 660
2024,VOLKSWAGEN,ATLAS
2023,ALLIANCE RV,VALOR
2019,KEYSTONE,SPRINGDALE
2021,FOREST RIVER,VENGEANCE
2021,FORD,F-150
2021,CHEVROLET,4500XD
2019,BMW,230I
2021,THOR MOTOR COACH,FREEDOM TRAVELER
2021,NEWMAR,DUTCH STAR
2021,CHEVROLET,4500HD
2021,AUDI,RS5
2021,CAN-AM,RYKER
2019,HONDA,PILOT
2020,HYUNDAI,IONIQ
2022,KAWASAKI,KL650
2019,CHEVROLET,IMPALA
2023,JAYCO,JAY FLIGHT
2023,DODGE,HORNET
2020,MASERATI,GHIBLI
2022,WESTERN STAR,5700
2023,MERCEDES-BENZ,CLA250
2024,SUBARU,OUTBACK
2022,ALFA ROMEO,STELVIO
2022,ROYAL ENFIELD,INTERCEPTOR 650
2023,JEEP,GLADIATOR
2023,HONDA,ACCORD HYBRID
2023,LINCOLN,NAVIGATOR
2021,MERCEDES-BENZ,GLE350E
2020,BMW,X4
2022,MASERATI,LEVANTE
2022,APRILIA,RSV4
2020,BMW,X3
2020,LEXUS,GX
2023,THOR MOTOR COACH,GEMINI
2021,FOREST RIVER,FREEDOM EXPRESS
2021,CHEVROLET,TRAX
2023,BMW,230I
2022,COACHMEN,VIKING
2022,LEXUS,GX460
2019,VOLVO,XC40
2024,BMW,I4
2020,WINNEBAGO,TRAVATO
2021,HYUNDAI,KONA
2024,KIA,SPORTAGE
2020,TOYOTA,COROLLA
2021,KEYSTONE,ASPEN TRAIL
2020,AUDI,A6 ALLROAD
2019,MIRAGE,CARGO TRAILERS
2021,BMW,430I
2020,KEYSTONE,MONTANA
2023,MERCEDES-BENZ,EQE
2022,KIA,CARNIVAL
2023,FOREST RIVER,NO BOUNDARIES
2019,LEXUS,NX
2020,HUSQVARNA,SVARTPILEN 701
2019,GENESIS,G80
2019,GMC,CANYON
2024,ALFA ROMEO,GIULIA
2021,MERCEDES-BENZ,AMG CLS53
2021,ENTEGRA,CORNERSTONE
2020,INTECH,CUSTOM TRAILER
2020,MAZDA,CX-30
2020,HONDA,SXS1000
2022,KEYSTONE,ALPINE
2021,LEXUS,UX
2020,LINCOLN,NAVIGATOR
2022,AUDI,S4
2022,BMW,K 1600 GTL
2020,SUBARU,ASCENT
2019,LEXUS,UX250 HYBRID
2020,MERCEDES-BENZ,SPRINTER 1500
2022,MAZDA,CX-9
2019,FOREST RIVER,SANDSTORM
2021,HYUNDAI,IONIQ HYBRID
2020,LEXUS,UX
2019,ESCAPE,E21C
2022,SUBARU,LEGACY
2022,TOYOTA,MIRAI
2022,VANLEIGH,VILANO
2019,CAN-AM,RYKER
2022,ACURA,RDX
2022,FREIGHTLINER,M2
2020,NISSAN,KICKS
2020,CADILLAC,XT4
2020,DUCATI,HYPERMOTARD
2021,FORD,EXPLORER
2021,FORD,ECOSPORT
2020,GMC,SIERRA 3500
2019,GILLIG,LOW FLOOR
2019,FORD,E-350
2020,FOREST RIVER,WILDWOOD
2019,NISSAN,LEAF
2020,TRIUMPH,ROCKET 3 TFC
2022,DYNAMAX,ISATA
2024,HYUNDAI,IONIQ 6
2020,FLEETWOOD,BOUNDER
2019,CHRYSLER,300
2024,MERCEDES-BENZ,GLS580
2020,ENTEGRA,EMBLEM
2022,HYUNDAI,IONIQ 5
2020,FORD,RANGER
2023,VOLVO,VNR
2021,MERCEDES-BENZ,AMG GLA35
2021,WINNEBAGO,REVEL
2019,MERCEDES-BENZ,AMG GLC63
2020,KTM,390 ADVENTURE
2023,HARLEY-DAVIDSON,FLHTCUTG
2019,KEYSTONE,MONTANA
2020,BMW,R 1250 GS
2019,LEXUS,RC 350
2020,JEEP,CHEROKEE
2023,LAND ROVER,RANGE ROVER SPORT
2020,CHRYSLER,300
2022,MERCEDES-BENZ,AMG SL63
2019,TRIUMPH,SPEED TRIPLE RS
2023,BMW,760I
2019,HYUNDAI,KONA
2020,DODGE,DURANGO
2020,KTM,790 ADVENTURE R
2022,PALOMINO,PUMA
2020,MAZDA,CX-3
2021,VOLVO,S60
2019,FOREST RIVER,FORESTER
2020,HYUNDAI,IONIQ ELECTRIC
2021,WINNEBAGO,MICRO MINNIE
2020,RAM,1500
2019,MERCEDES-BENZ,METRIS
2020,DODGE,CHARGER
2019,CHRYSLER,PACIFICA
2022,CADILLAC,CT5
2021,YAMAHA,MTN890
2022,GMC,YUKON
2022,KIA,TELLURIDE
2020,FORD,F-350
2021,COACHMEN,FREEDOM EXPRESS
2019,SUBARU,FORESTER
2022,HARLEY-DAVIDSON,FLHTCUTG
2024,BUICK,ENCORE GX
2020,FOREST RIVER,PUMA
2024,JAYCO,SEISMIC
2021,WINNEBAGO,EKKO
2021,FORD,F-650
2021,VOLKSWAGEN,GTI
2020,LGS INDUSTRIES,LOOK
2019,NORTHWOOD,ARCTIC FOX
2021,FOREST RIVER,COLUMBUS
2021,VOLVO,VNR
2021,BUICK,ENCLAVE
2023,CHRYSLER,PACIFICA
2021,KEYSTONE,COLEMAN
2020,DODGE,CHALLENGER
2021,FOREST RIVER,SIERRA
2020,FLEETWOOD,FLAIR
2020,CHAMPION BUS,CHALLENGER
2022,KIA,NIRO EV
2023,RAM,2500
2022,CHEVROLET,SPARK
2020,CADILLAC,XT6
2022,VOLVO,V90CC
2024,AUDI,Q8
2021,MERCEDES-BENZ,GLS580
2019,MERCEDES-BENZ,AMG C63
2024,HONDA,ACCORD HYBRID
2019,SUBARU,CROSSTREK
2022,MERCEDES-BENZ,S580
2022,TOYOTA,COROLLA HYBRID
2020,LEXUS,LC500
2024,WINNEBAGO,MICRO MINNIE
2024,MERCEDES-BENZ,SPRINTER 2500
2024,BMW,M4
2021,FOREST RIVER,CHEROKEE
2019,FOREST RIVER,WILDWOOD
2023,LINCOLN,CORSAIR
2023,LEXUS,ES250
2020,HONDA,ODYSSEY
2019,BMW,440I
2023,FREIGHTLINER,114SD
2021,JEEP,COMPASS
2022,NEWMAR,MOUNTAIN AIRE
2021,KTM,890 ADVENTURE R
2019,BMW,540I
2022,VOLKSWAGEN,ATLAS
2021,FLEETWOOD,BOUNDER
2020,THOR,OUTLAW
2022,MERCEDES-BENZ,E450
2019,BMW,850I
2023,CADILLAC,LYRIQ
2020,BEAR TRAILER,BEAR TRAILER
2021,HARLEY-DAVIDSON,FLHC
2020,GMC,YUKON
2020,VOLVO,XC60
2019,NISSAN,VERSA
2019,RAM,PROMASTER CITY
2023,AMERICAN COACH,AMERICAN PATRIOT
2021,MERCEDES-BENZ,GLE580
2019,MAZDA,CX-5
2022,FORD,ESCAPE HYBRID
2020,HARLEY-DAVIDSON,FLHR
2021,AUDI,RS7
2020,WINNEBAGO,FORZA
2019,HYUNDAI,SANTA FE XL
2021,CADILLAC,XT6
2021,TIFFIN,PHAETON
2019,NEWMAR,VENTANA
2020,MITSUBISHI,OUTLANDER
2024,MERCEDES-BENZ,CLE300
2019,LINCOLN,MKT
2022,KTM,890 ADVENTURE R
2019,CHEVROLET,BLAZER
2023,AUDI,Q5 SPORTBACK
2020,JAYCO,PRECEPT
2022,VOLKSWAGEN,JETTA
2020,HYUNDAI,SONATA
2020,KIA,SPORTAGE
2022,KEYSTONE,OUTBACK
2023,SPARTAN,K3
2022,SUBARU,IMPREZA
2024,FREIGHTLINER,CASCADIA
2019,SMART,FORTWO
2019,ALFA ROMEO,STELVIO
2020,FORD,ESCAPE
2020,THOR MOTOR COACH,FOUR WINDS
2023,MERCEDES-MAYBACH,S580
2020,JAYCO,GREYHAWK
2022,HARLEY-DAVIDSON,FLTRK
2021,BMW,R 18 CLASSIC
2019,MIDWEST AUTOMOTIVE DESIGN,PASSAGE
2021,CHRYSLER,PACIFICA
2020,MERCEDES-BENZ,SPRINTER 2500
2022,INDIAN,CHIEF DARK HORSE
2021,FOREST RIVER,PUMA
2019,KENWORTH,T370
2021,CAN-AM,SPYDER F3
2019,AUDI,S4
2019,BMW,C 400 X
2022,OSPREY CUSTOM,OC90
2019,FORD,ECONOLINE
2023,AUDI,SQ5
2020,WESTERN STAR,5700
2023,HYUNDAI,TUCSON
2019,STARCRAFT,AUTUMN RIDGE
2023,BMW,330E
2023,KENWORTH,T280
2020,FORD,F-450
2019,AUDI,SQ5
2021,TRIUMPH,ROCKET 3 R
2019,HUSQVARNA,VITPILEN 701
2023,HYUNDAI,SANTA CRUZ
2023,ENTEGRA,EXPANSE
2023,ALFA ROMEO,GIULIA
2023,ACURA,INTEGRA
2023,TOYOTA,TUNDRA
2020,JEEP,RENEGADE
2020,FOREST RIVER,BERKSHIRE
2022,KIA,SOUL
2023,BMW,X3
2021,THOR,CHALLENGER
2021,TOYOTA,SEQUOIA
2024,HYUNDAI,KONA
2023,PORSCHE,718 BOXSTER
2022,VOLVO,VNL
2020,VOLKSWAGEN,PASSAT
2022,PORSCHE,TAYCAN
2023,MERCEDES-BENZ,GLE350
2021,LAND ROVER,RANGE ROVER
2021,CHEVROLET,TRAVERSE
2020,FOREST RIVER,FLAGSTAFF
2020,DUCATI,PANIGALE
2019,FORD,TRANSIT CONNECT
2019,BMW,430I
2019,NEWMAR,LONDON AIRE
2022,MERCEDES-BENZ,AMG GLE53
2020,NISSAN,TITAN
2023,INFINITI,QX80
2019,GENESIS SUPREME,GENESIS SUPREME
2023,DODGE,CHARGER
2022,FORD,F-550 SD
2022,JEEP,GRAND WAGONEER
2023,MAZDA,CX-9
2022,CADILLAC,ESCALADE
2023,CADILLAC,CT5
2022,VOLKSWAGEN,PASSAT
2021,GULF STREAM,BT CRUISER
2019,BMW,X3
2023,MERCEDES-BENZ,EQE 350
2021,AMERICAN COACH,AMERICAN TRADITION
2024,KIA,EV6
2023,TESLA,MODEL S
2022,BLUE BIRD,ALL AMERICAN
2022,THOR MOTOR COACH,AXIS
2021,STARCRAFT,TELLURIDE
2023,NISSAN,VERSA
2019,CHRYSLER,PACIFICA HYBRID
2021,KEYSTONE,CARBON
2019,HYUNDAI,SANTA FE
2024,HARLEY-DAVIDSON,FLTRXSE
2020,MERCEDES-BENZ,GLA250
2022,LEXUS,IS 300
2022,AIRSTREAM,BASECAMP
2020,HYUNDAI,SANTA FE
2020,VOLKSWAGEN,ATLAS CROSS SPORT
2024,PORSCHE,911
2020,THOR MOTOR COACH,FREEDOM ELITE
2021,LAND ROVER,RANGE ROVER VELAR
2022,CROSSROADS,SUNSET TRAIL
2019,JAYCO,JAY FEATHER
2021,HARLEY-DAVIDSON,FLTRK
2023,MERCEDES-BENZ,GLS450
2020,COACHMEN,ENCORE
2022,DODGE,CHALLENGER
2019,HONDA,CB300R
2023,CAN-AM,RYKER
2019,MINI,CLUBMAN
2021,JAYCO,JAY FEATHER
2020,ZERO,SR/S
2022,THOR MOTOR COACH,SANCTUARY
2021,MERCEDES-BENZ,AMG E53
2023,LEXUS,ES
2021,MERCEDES-BENZ,A220
2020,STARCRAFT,AUTUMN RIDGE
2022,SUBARU,ASCENT
2019,LINCOLN,MKZ
2021,KIA,TELLURIDE
2023,GENESIS,GV70
2023,CHEVROLET,TRAILBLAZER
2022,MERCEDES-BENZ,AMG GT43
2019,HYUNDAI,KONA ELECTRIC
2023,HONDA,PASSPORT
2020,MERCEDES-BENZ,AMG CLA35
2021,BUICK,ENVISION
2019,KEYSTONE,ALPINE
2019,VOLVO,XC90
2020,FOREST RIVER,RIVERSTONE
2020,CADILLAC,CT6
2019,LAND ROVER,RANGE ROVER EVOQUE
2022,FORD,MUSTANG
2019,BUICK,ENVISION
2020,ESCAPE RV,ESCAPE
2022,HYUNDAI,KONA
2020,THOR,CHALLENGER
2023,HONDA,CIVIC SI
2019,GRAND DESIGN,MOMENTUM
2022,GRAND DESIGN,TRANSCEND
2021,FORD,EDGE
2024,HONDA,RIDGELINE
2021,BRAXTON CREEK,LX
2020,HARLEY-DAVIDSON,FLHCS
2021,FERRARI,812 SUPERFAST
2021,MERCEDES-BENZ,E450
2019,NISSAN,ARMADA
2024,CHEVROLET,TAHOE
2019,MERCEDES-BENZ,S450
2021,EAST TO WEST,SILVER LAKE
2019,KIA,OPTIMA
2019,WABASH NATIONAL,VAN
2021,AIRSTREAM,BASECAMP
2022,XTREME OUTDOORS,LITTLE GUY MAX
2023,CHEVROLET,TRAVERSE
2020,BMW,840I
2019,NEWMAR,BAY STAR
2021,KIA,RIO
2019,BMW,530I
2023,CHEVROLET,SILVERADO 5500HD
2020,HUSQVARNA,VITPILEN 701
2024,SUBARU,CROSSTREK
2023,ALTEC,AERIAL DEVICE
2022,THOR MOTOR COACH,FREEDOM ELITE
2020,MERCEDES-BENZ,GLB250
2020,PETERBILT,579
2021,LEXUS,RX350
2020,LEXUS,GX460
2019,HIGHLAND RIDGE,OPEN RANGE
2020,PORSCHE,TAYCAN
2019,BMW,I3
2021,MERCEDES-BENZ,AMG C43
2022,CHEVROLET,MALIBU
2020,FOREST RIVER,CHEROKEE GREY WOLF
2021,PORSCHE,911
2023,VOLKSWAGEN,ATLAS CROSS SPORT
2023,DELCO TRAILERS,DELCO TRAILER
2020,KIA,NIRO
2020,JAGUAR,I-PACE
2022,LAMBORGHINI,URUS
2021,GENESIS SUPREME,VORTEX
2020,TOYOTA,CAMRY HYBRID
2020,JAYCO,EMBARK
2019,COACHMEN,PRISM
2020,PETERBILT,330
2022,LAND ROVER,RANGE ROVER EVOQUE
2021,FOREST RIVER,PALOMINO
2024,GMC,SIERRA 1500
2022,KZRV,DURANGO
2022,CHRYSLER,PACIFICA HYBRID
2019,TOYOTA,COROLLA
2023,FOREST RIVER,CEDAR CREEK
2019,CHEVROLET,SONIC
2022,KEYSTONE,SUNSET TRAIL
2019,FOREST RIVER,VENGEANCE
2020,LINCOLN,CORSAIR
2019,BMW,X4
2019,FOREST RIVER,CHEROKEE
2023,AUDI,Q4
2019,HARLEY-DAVIDSON,FLSB
2022,MERCEDES-BENZ,EQS450
2024,BUICK,ENVISTA
2020,FORD,E-350
2023,MCLAREN,ARTURA
2024,GMC,SIERRA 2500
2021,NEWMAR,VENTANA
2020,MINI,COOPER S
2020,THOR,MIRAMAR
2021,CHEVROLET,SUBURBAN 1500
2021,KZRV,SPORTSMEN LE
2020,ZERO,FX
2021,CHEVROLET,TRAILBLAZER
2022,JEEP,RENEGADE
2022,POLARIS,SLINGSHOT
2022,INFINITI,QX50
2020,THOR MOTOR COACH,ARIA
2023,INDIAN,SCOUT
2022,NEWMAR,BAY STAR
2023,SUBARU,ASCENT
2021,DRV,ALL ALUMINUM
2022,HONDA,CR-V
2023,AUDI,A3
2022,KIA,NIRO
2019,JAGUAR,E-PACE
2020,MACK,ANTHEM (AN)
2019,COACHMEN,SHASTA
2024,TOYOTA,COROLLA CROSS HYBRID
2019,DODGE,JOURNEY
2022,FORD,ESCAPE PHEV
2020,MERCEDES-BENZ,GLC350E
2021,FORD,F-350
2021,HONDA,PASSPORT
2021,HEARTLAND,BIGHORN
2024,BMW,I7
2021,FORD,F-550 SD
2021,FORD,ESCAPE
2019,FORD,F-550
2020,HYUNDAI,PALISADE
2020,TESLA,MODEL X
2024,FORD,MUSTANG
2021,BMW,330I
2019,HONDA,FIT
2019,HONDA,ACCORD
2021,LAND ROVER,DEFENDER
2020,RAM,PROMASTER CITY
2022,HYUNDAI,SANTA FE HYBRID
2019,BMW,R 1250 RT
2019,MINI,COOPER
2022,TOYOTA,RAV4 HYBRID
2023,LEXUS,NX
2022,RENEGADE RV,VALENCIA
2022,INNOVATIVE SPECIALTIES,INNOVATIVE SPECIALTIES
2019,FORD,MUSTANG
2023,LAND ROVER,RANGE ROVER VELAR
2022,DRV,ALL ALUMINUM
2019,JAYCO,SENECA
2024,BUICK,ENCLAVE
2020,KEYSTONE,ALPINE
2023,GMC,YUKON XL
2019,LANCE CAMPER,LANCE CAMPER
2019,INDIAN,CHIEFTAN
2021,NEWMAR,LONDON AIRE
2020,FORD,TRANSIT CONNECT
2019,FOREST RIVER,CARDINAL
2021,KEYSTONE,MONTANA HIGH COUNTRY
2021,NISSAN,KICKS
2019,DODGE,GRAND CARAVAN
2023,BMW,S 1000 RR
2021,COACHMEN,NOVA
2020,CHEVROLET,COLORADO
2023,SUZUKI,HAYABUSA
2021,BMW,S 1000 RR
2021,GULF STREAM,VINTAGE CRUISER
2020,CHEVROLET,TRAX
2019,VOLVO,V90CC
2020,KEYSTONE,SPRINGDALE
2021,DUCATI,PANIGALE
2022,LUCID,AIR
2019,PRIME TIME,LACROSSE
2023,MASERATI,GRECALE
2020,KIA,RIO
2022,SPARTAN,K2
2019,4-STAR,HORSE TRAILER
2020,MERCEDES-BENZ,GLE580
2022,JEEP,WAGONEER
2023,CADILLAC,ESCALADE ESV
2022,EAST TO WEST,TANDARA
2019,KIA,STINGER
2020,NISSAN,LEAF
2021,PORSCHE,718 CAYMAN
2020,BMW,228I
2019,FORD,FUSION HYBRID
2022,AMERICAN HAULER,SILVER HAWK
2024,HYUNDAI,SANTA CRUZ
2023,MITSUBISHI,OUTLANDER
2023,CADILLAC,XT4
2021,HONDA,CB300
2023,INFINITI,QX50
2020,INDIAN,CHIEFTAIN DARK HORSE
2021,GENESIS,G80
2020,KZRV,SPORTTREK
2019,STARCRAFT BUS,QUEST
2021,TOYOTA,SIENNA
2022,BMW,X3
2021,MERCEDES-BENZ,CLA250
2021,WINNEBAGO,SOLIS
2019,KTM,790 ADVENTURE
2020,BMW,X7
2022,VOLVO,XC90
2021,TOYOTA,HIGHLANDER HYBRID
2019,JAGUAR,F-PACE
2024,TESLA,MODEL Y
2023,TOYOTA,PRIUS
2020,CAN-AM,COMMANDER
2023,TOYOTA,SUPRA
2020,MOTO GUZZI,V85 TT
2023,BMW,I7
2021,HYUNDAI,ACCENT
2019,KTM,1090 ADVENTURE R
2020,KEYSTONE,ASPEN TRAIL
2023,GENESIS,GV80
2022,KTM,790 ADVENTURE R
2019,NISSAN,TITAN
2020,RAM,5500
2021,HYUNDAI,IONIQ ELECTRIC
2019,LEXUS,LS500 H
2020,HONDA,CR-V
2019,MITSUBISHI,ECLIPSE CROSS
2019,HONDA,PASSPORT
2022,FORD,E-450
2020,MERCEDES-BENZ,A220
2019,BMW,G310R
2024,HYUNDAI,TUCSON
2021,TOYOTA,MIRAI
2023,CADILLAC,ESCALADE
2020,DUCATI,DIAVEL
2019,MAZDA,CX-3
2021,INFINITI,QX80
2019,NEWMAR,NEW AIRE
2021,KZRV,SPORTSMEN
2022,HEARTLAND,SUNDANCE
2021,LAND ROVER,DISCOVERY
2019,MERCEDES-BENZ,E300
2019,FOREST RIVER,ROCKPORT
2019,INDIAN,SCOUT BOBBER
2023,PIAGGIO,MP3 530
2019,ROUSH CLEANTECH,FORD E-450
2020,MERCEDES-BENZ,AMG E53
2020,ARCIMOTO,FUV
2019,YAMAHA,XVS950
2022,THOR MOTOR COACH,MAGNITUDE
2022,PIAGGIO,BV 400
2019,SUBARU,IMPREZA
2023,GMC,ACADIA
2020,ENTEGRA,ANTHEM
2023,CADILLAC,XT6
2021,RAM,PROMASTER CITY
2020,ROYAL ENFIELD,HIMALAYAN
2019,MERCEDES-BENZ,AMG E53
2019,HARLEY-DAVIDSON,FLHCS
2020,KEYSTONE,TRAVEL TRAILER
2020,BMW,M550I
2022,OLIVER TRAVEL TRAILERS,LEGACY ELITE II
2022,HARLEY-DAVIDSON,FLTRXS
2023,HYUNDAI,ELANTRA HEV
2021,DUCATI,SUPERSPORT
2022,GMC,TERRAIN NA
2023,VOLKSWAGEN,ARTEON
2019,FORD,F53
2023,WINNEBAGO,REVEL
2020,HONDA,CRF1100A
2023,TESLA,MODEL 3
2021,JAYCO,GREYHAWK
2021,HONDA,CLARITY
2022,VOLKSWAGEN,GTI
2022,AUDI,Q3
2021,TOYOTA,PRIUS PRIME
2023,GMC,SIERRA 2500
2022,MERCEDES-BENZ,C300
2023,MERCEDES-BENZ,C300
2022,KIA,RIO
2021,COACHMEN,ENCORE
2022,YAMAHA,XTZ690
2024,VOLVO,XC90
2021,TAXA LP,CRICKET
2023,AUDI,A4 ALLROAD
2020,PORSCHE,911
2023,VINFAST,VF8
2020,JEEP,GLADIATOR
2019,FORD,ESCAPE
2021,CHEVROLET,SUBURBAN
2023,NISSAN,ALTIMA
2019,MERCEDES-BENZ,AMG E63S
2024,HONDA,CIVIC
2022,AUDI,Q7
2023,STARCRAFT,AUTUMN RIDGE
2022,INDIAN,ROADMASTER
2021,PLEASURE WAY,ASCENT
2020,HONDA,CLARITY PLUG-IN HYBRID
2022,HONDA,CIVIC
2022,BUICK,ENCLAVE
2019,FOREST RIVER,PUMA
2019,DODGE,CARAVAN
2021,APRILIA,RS 660
2023,JAYCO,SEISMIC
2023,WINNEBAGO,NAVION
2020,AUDI,S7
2024,AUDI,Q5
2020,FOREST RIVER,XLR
2020,TOYOTA,C-HR
2022,RIVIAN,R1T
2019,VOLVO,XC60
2022,HEARTLAND,TRAIL RUNNER
2023,JAGUAR,F-PACE
2020,TIFFIN,PHAETON
2021,JEEP,GRAND CHEROKEE
2021,AIRSTREAM,GLOBETROTTER
2022,BMW,X5 HYBRID
2020,CHEVROLET,BOLT EV
2020,MAC TRAILERS,DUMP TRAILER
2024,TOYOTA,CAMRY
2020,FREIGHTLINER,108SD
2019,HEARTLAND,MALLARD
2021,ARCIMOTO,ROADSTER
2023,LEXUS,GX
2019,FOREST RIVER,CEDAR CREEK
2021,THOR MOTOR COACH,VEGAS
2022,VOLVO,S60
2019,FORD,FLEX
2020,NEWMAR,VENTANA
2019,MITSUBISHI,OUTLANDER SPORT
2021,CADILLAC,ESCALADE NA
2019,INFINITI,Q70L
2021,MERCEDES-BENZ,AMG GLC43
2020,GENESIS,G90
2021,MINI,COUNTRYMAN
2020,PALOMINO,COLUMBUS COMPASS
2019,ALFA ROMEO,GIULIA
2020,HONDA,PASSPORT
2020,BMW,530E
2021,GRAND DESIGN,IMAGINE
2023,GENESIS,G90
2023,PRIME TIME,LACROSSE
2023,HAPPIER CAMPER,HAPPIER CAMPER
2020,JAYCO,JAY FLIGHT
2024,KIA,K5
2019,VOLVO,V60
2019,LINCOLN,NAUTILUS
2023,INDIAN,SPORT CHIEF
2019,BUICK,REGAL
2022,FOREST RIVER,CEDAR CREEK
2020,SUBARU,WRX
2021,CHEVROLET,MALIBU
2019,SUBARU,WRX STI
2023,HYUNDAI,IONIQ 5
2022,WINNEBAGO,REVEL
2020,NISSAN,MAXIMA
2019,NISSAN,MURANO
2021,POLESTAR,POLESTAR 2
2024,KIA,NIRO EV
2019,KIA,NIRO
2023,GMC,SIERRA 3500
2022,GRAND DESIGN,REFLECTION
2022,THOR MOTOR COACH,RIZE
2022,RAM,5500
2020,HARLEY-DAVIDSON,FXLRS
2021,CONTINENTAL CARGO,CARGO TRAILER
2023,NISSAN,SENTRA
2023,AUDI,S5
2022,HONDA,HR-V
2021,CHEVROLET,SPARK
2024,BMW,X5
2020,WINNEBAGO,VISTA
2022,BMW,540I
2019,NEXUS,VIPER
2022,CHEVROLET,BLAZER
2022,HONDA,CR-V HYBRID
2024,TOYOTA,SEQUOIA
2020,AUDI,A7
2021,AUTOCAR,XPEDITOR
2022,FORD,EDGE
2022,CHRYSLER,300
2022,AUDI,Q5
2020,COACH HOUSE,PLATINUM III
2021,FLEETWOOD,FORTIS
2019,GRAND DESIGN,IMAGINE
2022,BUICK,ENCORE GX
2023,LEXUS,RX350
2023,ROYAL ENFIELD,CLASSIC 350
2019,MERCEDES-BENZ,SPRINTER 2500
2021,HOMESTEADER,HOMESTEADER
2021,MERCEDES-BENZ,AMG GLE63
2021,ENTEGRA,ACCOLADE
2020,MERCEDES-BENZ,SLC300
2019,LAND ROVER,RANGE ROVER SPORT
2019,PETERBILT,567
2022,DODGE,DURANGO
2020,HINO,195
2021,PORSCHE,718 BOXSTER
2021,NISSAN,TITAN
2019,MACK,LR
2019,KZRV,DURANGO
2021,RAM,3500
2020,BMW,Z4
2022,GENESIS,G90
2021,JAYCO,EAGLE
2023,AUDI,A4
2021,HONDA,GL1800
2020,AUDI,Q7
2019,KTM,690 ENDURO R
2022,HARLEY-DAVIDSON,RA1250S
2020,HONDA,CLARITY ELECTRIC
2023,HYUNDAI,PALISADE
2021,NEWMAR,BAY STAR SPORT
2022,BUICK,ENCORE
2020,KENWORTH,T170
2019,HIGHLAND RIDGE,HIGHLANDER
2022,LEXUS,NX300H
2022,HYUNDAI,TUCSON HYBRID
